insert into ACCOUNT (id, role, status, date_created, date_locked_till, email, login_fail_count, nickname, password, username) values (1, 'ADMIN', 'ACTIVE', '2021-01-11 03:13:42', null, 'testadmin@naver.com', 0, 'Filmdoms', '$2a$10$nWr6FNDJH/DicA3ys/OmteOR5rXzWVdmTdN2RE6pGPokcu15N4ayW', 'testadmin');
insert into ACCOUNT (id, role, status, date_created, date_locked_till, email, login_fail_count, nickname, password, username) values (2, 'USER', 'ACTIVE', '2021-01-29 21:07:11', null, 'testuser@google.com', 0, 'UserNick', '$2a$10$4Kqo4442W7iF4VX7djGP7ursJMlJutoBjBLfsUT4FfbqoVPiIKw7G', 'testuser');
insert into ACCOUNT (id, role, status, date_created, date_locked_till, email, login_fail_count, nickname, password, username) values (3, 'USER', 'EXPIRED', '2022-02-06 08:49:59', null, 'bmcconway2@diigo.com', 0, 'Ronstring', '$2a$10$4Kqo4442W7iF4VX7djGP7ursJMlJutoBjBLfsUT4FfbqoVPiIKw7G', 'parchell2');
insert into ACCOUNT (id, role, status, date_created, date_locked_till, email, login_fail_count, nickname, password, username) values (4, 'USER', 'INACTIVE', '2021-11-19 09:50:08', null, 'wrudall3@theguardian.com', 0, 'Tresom', '$2a$10$4Kqo4442W7iF4VX7djGP7ursJMlJutoBjBLfsUT4FfbqoVPiIKw7G', 'fharlowe3');
insert into ACCOUNT (id, role, status, date_created, date_locked_till, email, login_fail_count, nickname, password, username) values (5, 'USER', 'INACTIVE', '2022-01-03 09:27:53', null, 'clemoir4@reddit.com', 0, 'Flexidy', '$2a$10$4Kqo4442W7iF4VX7djGP7ursJMlJutoBjBLfsUT4FfbqoVPiIKw7G', 'hdyka4');
insert into ACCOUNT (id, role, status, date_created, date_locked_till, email, login_fail_count, nickname, password, username) values (6, 'USER', 'ACTIVE', '2021-04-01 00:15:00', null, 'cmaneylaws5@wix.com', 0, 'Trippledex', '$2a$10$4Kqo4442W7iF4VX7djGP7ursJMlJutoBjBLfsUT4FfbqoVPiIKw7G', 'bcockroft5');
insert into ACCOUNT (id, role, status, date_created, date_locked_till, email, login_fail_count, nickname, password, username) values (7, 'USER', 'ACTIVE', '2022-08-24 18:52:31', null, 'gconaboy6@reference.com', 0, 'Tempsoft', '$2a$10$4Kqo4442W7iF4VX7djGP7ursJMlJutoBjBLfsUT4FfbqoVPiIKw7G', 'gmcnevin6');
insert into ACCOUNT (id, role, status, date_created, date_locked_till, email, login_fail_count, nickname, password, username) values (8, 'USER', 'INACTIVE', '2021-09-07 09:30:19', null, 'cray7@indiatimes.com', 0, 'Bitwolf', '$2a$10$4Kqo4442W7iF4VX7djGP7ursJMlJutoBjBLfsUT4FfbqoVPiIKw7G', 'rcrigin7');
insert into ACCOUNT (id, role, status, date_created, date_locked_till, email, login_fail_count, nickname, password, username) values (9, 'USER', 'INACTIVE', '2021-12-06 10:36:50', null, 'fbeatens8@uiuc.edu', 0, 'Job', '$2a$10$4Kqo4442W7iF4VX7djGP7ursJMlJutoBjBLfsUT4FfbqoVPiIKw7G', 'cwalwood8');
insert into ACCOUNT (id, role, status, date_created, date_locked_till, email, login_fail_count, nickname, password, username) values (10, 'USER', 'EXPIRED', '2021-12-28 06:56:50', null, 'adutnell9@naver.com', 0, 'Trippledex', '$2a$10$4Kqo4442W7iF4VX7djGP7ursJMlJutoBjBLfsUT4FfbqoVPiIKw7G', 'dbrightling9');
insert into ACCOUNT (id, role, status, date_created, date_locked_till, email, login_fail_count, nickname, password, username) values (11, 'USER', 'ACTIVE', '2023-02-10 20:42:51', null, 'upeacockea@go.com', 0, 'Regrant', '$2a$10$4Kqo4442W7iF4VX7djGP7ursJMlJutoBjBLfsUT4FfbqoVPiIKw7G', 'bbutterfielda');
insert into ACCOUNT (id, role, status, date_created, date_locked_till, email, login_fail_count, nickname, password, username) values (12, 'USER', 'EXPIRED', '2021-04-09 06:13:13', '2023-05-03 07:15:07', 'mmoyersb@livejournal.com', 0, 'Alpha', '$2a$10$4Kqo4442W7iF4VX7djGP7ursJMlJutoBjBLfsUT4FfbqoVPiIKw7G', 'cdigginsb');
insert into ACCOUNT (id, role, status, date_created, date_locked_till, email, login_fail_count, nickname, password, username) values (13, 'USER', 'ACTIVE', '2021-10-23 13:12:32', null, 'ibelinc@nationalgeographic.com', 0, 'Zathin', '$2a$10$4Kqo4442W7iF4VX7djGP7ursJMlJutoBjBLfsUT4FfbqoVPiIKw7G', 'csivyourc');
insert into ACCOUNT (id, role, status, date_created, date_locked_till, email, login_fail_count, nickname, password, username) values (14, 'USER', 'INACTIVE', '2021-05-22 21:07:14', null, 'kdemschked@omniture.com', 0, 'Rank', '$2a$10$4Kqo4442W7iF4VX7djGP7ursJMlJutoBjBLfsUT4FfbqoVPiIKw7G', 'cwaddinghamd');
insert into ACCOUNT (id, role, status, date_created, date_locked_till, email, login_fail_count, nickname, password, username) values (15, 'USER', 'ACTIVE', '2021-08-02 14:34:37', null, 'adimaggioe@google.it', 0, 'Duobam', '$2a$10$4Kqo4442W7iF4VX7djGP7ursJMlJutoBjBLfsUT4FfbqoVPiIKw7G', 'dboecke');
insert into ACCOUNT (id, role, status, date_created, date_locked_till, email, login_fail_count, nickname, password, username) values (16, 'USER', 'EXPIRED', '2022-09-08 00:17:01', null, 'tmcclymontf@wisc.edu', 0, 'Keylex', '$2a$10$4Kqo4442W7iF4VX7djGP7ursJMlJutoBjBLfsUT4FfbqoVPiIKw7G', 'nfelixf');
insert into ACCOUNT (id, role, status, date_created, date_locked_till, email, login_fail_count, nickname, password, username) values (17, 'USER', 'ACTIVE', '2021-01-01 11:09:21', null, 'skeniwellg@nationalgeographic.com', 0, 'Beta', '$2a$10$4Kqo4442W7iF4VX7djGP7ursJMlJutoBjBLfsUT4FfbqoVPiIKw7G', 'teastg');
insert into ACCOUNT (id, role, status, date_created, date_locked_till, email, login_fail_count, nickname, password, username) values (18, 'USER', 'INACTIVE', '2022-04-07 13:51:54', null, 'sunwinsh@furl.net', 0, 'Tampflex', '$2a$10$4Kqo4442W7iF4VX7djGP7ursJMlJutoBjBLfsUT4FfbqoVPiIKw7G', 'kstrafenh');
insert into ACCOUNT (id, role, status, date_created, date_locked_till, email, login_fail_count, nickname, password, username) values (19, 'USER', 'INACTIVE', '2022-04-23 19:39:06', null, 'ccaulieri@java.com', 0, 'Veribet', '$2a$10$4Kqo4442W7iF4VX7djGP7ursJMlJutoBjBLfsUT4FfbqoVPiIKw7G', 'sdouglissi');
insert into ACCOUNT (id, role, status, date_created, date_locked_till, email, login_fail_count, nickname, password, username) values (20, 'USER', 'INACTIVE', '2021-07-29 17:32:32', null, 'cwardhoughj@omniture.com', 0, 'Zaam-Dox', '$2a$10$4Kqo4442W7iF4VX7djGP7ursJMlJutoBjBLfsUT4FfbqoVPiIKw7G', 'askallsj');
insert into ACCOUNT (id, role, status, date_created, date_locked_till, email, login_fail_count, nickname, password, username) values (21, 'USER', 'ACTIVE', '2022-11-06 13:39:40', null, 'lwraightek@psu.edu', 0, 'Zaam-Dox', '$2a$10$4Kqo4442W7iF4VX7djGP7ursJMlJutoBjBLfsUT4FfbqoVPiIKw7G', 'rdjurevick');
insert into ACCOUNT (id, role, status, date_created, date_locked_till, email, login_fail_count, nickname, password, username) values (22, 'USER', 'EXPIRED', '2022-06-30 02:53:12', '2022-11-26 08:23:25', 'ainsleyl@amazon.co.uk', 0, 'Transcof', '$2a$10$4Kqo4442W7iF4VX7djGP7ursJMlJutoBjBLfsUT4FfbqoVPiIKw7G', 'sbachural');
insert into ACCOUNT (id, role, status, date_created, date_locked_till, email, login_fail_count, nickname, password, username) values (23, 'USER', 'INACTIVE', '2021-03-20 12:21:15', null, 'tobym@nbcnews.com', 0, 'Bitchip', '$2a$10$4Kqo4442W7iF4VX7djGP7ursJMlJutoBjBLfsUT4FfbqoVPiIKw7G', 'csteffanm');
insert into ACCOUNT (id, role, status, date_created, date_locked_till, email, login_fail_count, nickname, password, username) values (24, 'USER', 'INACTIVE', '2021-06-07 14:49:47', null, 'lcuttenn@ocn.ne.jp', 0, 'Stringtough', '$2a$10$4Kqo4442W7iF4VX7djGP7ursJMlJutoBjBLfsUT4FfbqoVPiIKw7G', 'dtappingn');
insert into ACCOUNT (id, role, status, date_created, date_locked_till, email, login_fail_count, nickname, password, username) values (25, 'USER', 'INACTIVE', '2021-02-09 22:22:30', null, 'jbesseo@linkedin.com', 0, 'Transcof', '$2a$10$4Kqo4442W7iF4VX7djGP7ursJMlJutoBjBLfsUT4FfbqoVPiIKw7G', 'fnoiceo');
insert into ACCOUNT (id, role, status, date_created, date_locked_till, email, login_fail_count, nickname, password, username) values (26, 'USER', 'ACTIVE', '2022-06-18 21:41:43', null, 'ademitrisp@quantcast.com', 0, 'Bytecard', '$2a$10$4Kqo4442W7iF4VX7djGP7ursJMlJutoBjBLfsUT4FfbqoVPiIKw7G', 'dtrevershp');
insert into ACCOUNT (id, role, status, date_created, date_locked_till, email, login_fail_count, nickname, password, username) values (27, 'USER', 'EXPIRED', '2022-08-03 07:35:49', null, 'gdodellq@who.int', 0, 'Hatity', '$2a$10$4Kqo4442W7iF4VX7djGP7ursJMlJutoBjBLfsUT4FfbqoVPiIKw7G', 'sophomore2');
insert into ACCOUNT (id, role, status, date_created, date_locked_till, email, login_fail_count, nickname, password, username) values (28, 'USER', 'EXPIRED', '2021-12-06 11:13:14', null, 'efrankcomr@dedecms.com', 0, 'Cardguard', '$2a$10$4Kqo4442W7iF4VX7djGP7ursJMlJutoBjBLfsUT4FfbqoVPiIKw7G', 'bshermorer');
insert into ACCOUNT (id, role, status, date_created, date_locked_till, email, login_fail_count, nickname, password, username) values (29, 'USER', 'ACTIVE', '2021-09-02 01:05:55', null, 'broizins@imgur.com', 0, 'Solarbreeze', '$2a$10$4Kqo4442W7iF4VX7djGP7ursJMlJutoBjBLfsUT4FfbqoVPiIKw7G', 'gbowermans');
insert into ACCOUNT (id, role, status, date_created, date_locked_till, email, login_fail_count, nickname, password, username) values (30, 'USER', 'INACTIVE', '2022-12-16 17:09:10', null, 'aportsmoutht@t-online.de', 0, 'Tres-Zap', '$2a$10$4Kqo4442W7iF4VX7djGP7ursJMlJutoBjBLfsUT4FfbqoVPiIKw7G', 'smardeet');


insert into board_content (id, content) values (1, 'Maecenas tristique, est et tempus semper, est quam pharetra magna, ac consequat metus sapien ut nunc. Vestibulum ante ipsum primis in faucibus orci luctus et ultrices posuere cubilia Curae; Mauris viverra diam vitae quam. Suspendisse potenti. Nullam porttitor lacus at turpis. Donec posuere metus vitae ipsum. Aliquam non mauris.');
insert into board_content (id, content) values (2, 'Nulla nisl. Nunc nisl. Duis bibendum, felis sed interdum venenatis, turpis enim blandit mi, in porttitor pede justo eu massa. Donec dapibus.');
insert into board_content (id, content) values (3, 'Nullam porttitor lacus at turpis. Donec posuere metus vitae ipsum. Aliquam non mauris. Morbi non lectus.');
insert into board_content (id, content) values (4, 'Nulla tempus. Vivamus in felis eu sapien cursus vestibulum. Proin eu mi. Nulla ac enim.');
insert into board_content (id, content) values (5, 'Fusce posuere felis sed lacus. Morbi sem mauris, laoreet ut, rhoncus aliquet, pulvinar sed, nisl. Nunc rhoncus dui vel sem. Sed sagittis.');
insert into board_content (id, content) values (6, 'In tempor, turpis nec euismod scelerisque, quam turpis adipiscing lorem, vitae mattis nibh ligula nec sem. Duis aliquam convallis nunc. Proin at turpis a pede posuere nonummy. Integer non velit.');
insert into board_content (id, content) values (7, 'Pellentesque ultrices mattis odio. Donec vitae nisi. Nam ultrices, libero non mattis pulvinar, nulla pede ullamcorper augue, a suscipit nulla elit ac nulla.');
insert into board_content (id, content) values (8, 'Vestibulum sed magna at nunc commodo placerat. Praesent blandit. Nam nulla. Integer pede justo, lacinia eget, tincidunt eget, tempus vel, pede. Morbi porttitor lorem id ligula. Suspendisse ornare consequat lectus.');
insert into board_content (id, content) values (9, 'Nulla suscipit ligula in lacus. Curabitur at ipsum ac tellus semper interdum. Mauris ullamcorper purus sit amet nulla.');
insert into board_content (id, content) values (10, 'Morbi odio odio, elementum eu, interdum eu, tincidunt in, leo. Maecenas pulvinar lobortis est. Phasellus sit amet erat. Nulla tempus. Vivamus in felis eu sapien cursus vestibulum.');
insert into board_content (id, content) values (11, 'Pellentesque viverra pede ac diam. Cras pellentesque volutpat dui. Maecenas tristique, est et tempus semper, est quam pharetra magna, ac consequat metus sapien ut nunc. Vestibulum ante ipsum primis in faucibus orci luctus et ultrices posuere cubilia Curae; Mauris viverra diam vitae quam. Suspendisse potenti.');
insert into board_content (id, content) values (12, 'Praesent blandit lacinia erat. Vestibulum sed magna at nunc commodo placerat. Praesent blandit. Nam nulla.');
insert into board_content (id, content) values (13, 'Phasellus id sapien in sapien iaculis congue. Vivamus metus arcu, adipiscing molestie, hendrerit at, vulputate vitae, nisl. Aenean lectus. Pellentesque eget nunc. Donec quis orci eget orci vehicula condimentum.');
insert into board_content (id, content) values (14, 'Duis at velit eu est congue elementum. In hac habitasse platea dictumst. Morbi vestibulum, velit id pretium iaculis, diam erat fermentum justo, nec condimentum neque sapien placerat ante. Nulla justo.');
insert into board_content (id, content) values (15, 'Morbi non lectus. Aliquam sit amet diam in magna bibendum imperdiet. Nullam orci pede, venenatis non, sodales sed, tincidunt eu, felis. Fusce posuere felis sed lacus. Morbi sem mauris, laoreet ut, rhoncus aliquet, pulvinar sed, nisl. Nunc rhoncus dui vel sem.');
insert into board_content (id, content) values (16, 'Donec diam neque, vestibulum eget, vulputate ut, ultrices vel, augue. Vestibulum ante ipsum primis in faucibus orci luctus et ultrices posuere cubilia Curae; Donec pharetra, magna vestibulum aliquet ultrices, erat tortor sollicitudin mi, sit amet lobortis sapien sapien non mi. Integer ac neque.');
insert into board_content (id, content) values (17, 'Duis mattis egestas metus. Aenean fermentum. Donec ut mauris eget massa tempor convallis. Nulla neque libero, convallis eget, eleifend luctus, ultricies eu, nibh. Quisque id justo sit amet sapien dignissim vestibulum. Vestibulum ante ipsum primis in faucibus orci luctus et ultrices posuere cubilia Curae; Nulla dapibus dolor vel est.');
insert into board_content (id, content) values (18, 'In hac habitasse platea dictumst. Morbi vestibulum, velit id pretium iaculis, diam erat fermentum justo, nec condimentum neque sapien placerat ante. Nulla justo. Aliquam quis turpis eget elit sodales scelerisque. Mauris sit amet eros. Suspendisse accumsan tortor quis turpis.');
insert into board_content (id, content) values (19, 'Aenean auctor gravida sem. Praesent id massa id nisl venenatis lacinia. Aenean sit amet justo. Morbi ut odio.');
insert into board_content (id, content) values (20, 'Sed accumsan felis. Ut at dolor quis odio consequat varius. Integer ac leo. Pellentesque ultrices mattis odio. Donec vitae nisi. Nam ultrices, libero non mattis pulvinar, nulla pede ullamcorper augue, a suscipit nulla elit ac nulla.');
insert into board_content (id, content) values (21, 'Integer a nibh. In quis justo. Maecenas rhoncus aliquam lacus.');
insert into board_content (id, content) values (22, 'Pellentesque viverra pede ac diam. Cras pellentesque volutpat dui. Maecenas tristique, est et tempus semper, est quam pharetra magna, ac consequat metus sapien ut nunc.');
insert into board_content (id, content) values (23, 'Cum sociis natoque penatibus et magnis dis parturient montes, nascetur ridiculus mus. Vivamus vestibulum sagittis sapien. Cum sociis natoque penatibus et magnis dis parturient montes, nascetur ridiculus mus. Etiam vel augue.');
insert into board_content (id, content) values (24, 'Morbi sem mauris, laoreet ut, rhoncus aliquet, pulvinar sed, nisl. Nunc rhoncus dui vel sem. Sed sagittis. Nam congue, risus semper porta volutpat, quam pede lobortis ligula, sit amet eleifend pede libero quis orci. Nullam molestie nibh in lectus.');
insert into board_content (id, content) values (25, 'Donec posuere metus vitae ipsum. Aliquam non mauris. Morbi non lectus. Aliquam sit amet diam in magna bibendum imperdiet. Nullam orci pede, venenatis non, sodales sed, tincidunt eu, felis. Fusce posuere felis sed lacus.');
insert into board_content (id, content) values (26, 'Duis bibendum. Morbi non quam nec dui luctus rutrum. Nulla tellus.');
insert into board_content (id, content) values (27, 'Aliquam non mauris. Morbi non lectus. Aliquam sit amet diam in magna bibendum imperdiet.');
insert into board_content (id, content) values (28, 'Aenean fermentum. Donec ut mauris eget massa tempor convallis. Nulla neque libero, convallis eget, eleifend luctus, ultricies eu, nibh. Quisque id justo sit amet sapien dignissim vestibulum. Vestibulum ante ipsum primis in faucibus orci luctus et ultrices posuere cubilia Curae; Nulla dapibus dolor vel est.');
insert into board_content (id, content) values (29, 'Donec vitae nisi. Nam ultrices, libero non mattis pulvinar, nulla pede ullamcorper augue, a suscipit nulla elit ac nulla. Sed vel enim sit amet nunc viverra dapibus. Nulla suscipit ligula in lacus. Curabitur at ipsum ac tellus semper interdum.');
insert into board_content (id, content) values (30, 'Morbi sem mauris, laoreet ut, rhoncus aliquet, pulvinar sed, nisl. Nunc rhoncus dui vel sem. Sed sagittis. Nam congue, risus semper porta volutpat, quam pede lobortis ligula, sit amet eleifend pede libero quis orci.');

insert into BOARD_HEAD_CORE  (id, dtype, date_created, date_last_modified, status, title, view, account_id, board_content_id) values (1, 'PostHeader', '2022-06-10 11:21:43', now(), 'ACTIVE', 'Nam tristique tortor eu pede.', 901, 15, 1);
insert into BOARD_HEAD_CORE  (id, dtype, date_created, date_last_modified, status, title, view, account_id, board_content_id) values (2, 'PostHeader', '2022-11-17 05:45:37', now(), 'INACTIVE', 'Vestibulum ante ipsum primis in faucibus orci luctus et ultrices posuere cubilia Curae;', 895, 25, 2);
insert into BOARD_HEAD_CORE  (id, dtype, date_created, date_last_modified, status, title, view, account_id, board_content_id) values (3, 'PostHeader', '2022-11-06 07:47:31', now(), 'ACTIVE', 'Cras pellentesque volutpat dui.', 824, 22, 3);
insert into BOARD_HEAD_CORE  (id, dtype, date_created, date_last_modified, status, title, view, account_id, board_content_id) values (4, 'PostHeader', '2022-05-13 08:55:44', now(), 'INACTIVE', 'Donec semper sapien a libero.', 31, 1, 4);
insert into BOARD_HEAD_CORE  (id, dtype, date_created, date_last_modified, status, title, view, account_id, board_content_id) values (5, 'PostHeader', '2022-11-18 11:54:20', now(), 'ACTIVE', 'Phasellus in felis.', 509, 19, 5);
insert into BOARD_HEAD_CORE  (id, dtype, date_created, date_last_modified, status, title, view, account_id, board_content_id) values (6, 'PostHeader', '2022-04-19 03:44:45', now(), 'INACTIVE', 'Duis consequat dui nec nisi volutpat eleifend.', 977, 28, 6);
insert into BOARD_HEAD_CORE  (id, dtype, date_created, date_last_modified, status, title, view, account_id, board_content_id) values (7, 'PostHeader', '2022-03-10 20:09:57', now(), 'ACTIVE', 'Integer ac leo.', 276, 9, 7);
insert into BOARD_HEAD_CORE  (id, dtype, date_created, date_last_modified, status, title, view, account_id, board_content_id) values (8, 'PostHeader', '2022-02-13 07:42:01', now(), 'INACTIVE', 'Maecenas pulvinar lobortis est.', 910, 7, 8);
insert into BOARD_HEAD_CORE  (id, dtype, date_created, date_last_modified, status, title, view, account_id, board_content_id) values (9, 'PostHeader', '2022-02-12 17:53:58', now(), 'ACTIVE', 'Donec posuere metus vitae ipsum.', 981, 18, 9);
insert into BOARD_HEAD_CORE  (id, dtype, date_created, date_last_modified, status, title, view, account_id, board_content_id) values (10, 'PostHeader', '2022-05-03 20:18:59', now(), 'ACTIVE', 'Aliquam erat volutpat.', 501, 25, 10);
insert into BOARD_HEAD_CORE  (id, dtype, date_created, date_last_modified, status, title, view, account_id, board_content_id) values (11, 'MovieReviewHeader', '2022-12-27 16:47:32', now(), 'ACTIVE', 'Suspendisse potenti.', 421, 16, 11);
insert into BOARD_HEAD_CORE  (id, dtype, date_created, date_last_modified, status, title, view, account_id, board_content_id) values (12, 'MovieReviewHeader', '2022-04-12 19:43:26', now(), 'INACTIVE', 'Integer a nibh.', 361, 12, 12);
insert into BOARD_HEAD_CORE  (id, dtype, date_created, date_last_modified, status, title, view, account_id, board_content_id) values (13, 'MovieReviewHeader', '2023-02-07 06:37:02', now(), 'ACTIVE', 'Lorem ipsum dolor sit amet, consectetuer adipiscing elit.', 253, 13, 13);
insert into BOARD_HEAD_CORE  (id, dtype, date_created, date_last_modified, status, title, view, account_id, board_content_id) values (14, 'MovieReviewHeader', '2023-02-09 08:28:08', now(), 'ACTIVE', 'Quisque porta volutpat erat.', 728, 9, 14);
insert into BOARD_HEAD_CORE  (id, dtype, date_created, date_last_modified, status, title, view, account_id, board_content_id) values (15, 'MovieReviewHeader', '2022-05-16 16:55:27', now(), 'INACTIVE', 'Nunc purus.', 361, 6, 15);
insert into BOARD_HEAD_CORE  (id, dtype, date_created, date_last_modified, status, title, view, account_id, board_content_id) values (16, 'MovieReviewHeader', '2022-10-11 21:15:24', now(), 'ACTIVE', 'Nullam porttitor lacus at turpis.', 857, 2, 16);
insert into BOARD_HEAD_CORE  (id, dtype, date_created, date_last_modified, status, title, view, account_id, board_content_id) values (17, 'MovieReviewHeader', '2022-11-15 09:29:58', now(), 'INACTIVE', 'Nullam molestie nibh in lectus.', 669, 15, 17);
insert into BOARD_HEAD_CORE  (id, dtype, date_created, date_last_modified, status, title, view, account_id, board_content_id) values (18, 'MovieReviewHeader', '2022-08-26 23:57:42', now(), 'INACTIVE', 'Etiam faucibus cursus urna.', 703, 9, 18);
insert into BOARD_HEAD_CORE  (id, dtype, date_created, date_last_modified, status, title, view, account_id, board_content_id) values (19, 'MovieReviewHeader', '2022-06-16 03:04:44', now(), 'INACTIVE', 'Donec pharetra, magna vestibulum aliquet ultrices, erat tortor sollicitudin mi.', 941, 10, 19);
insert into BOARD_HEAD_CORE  (id, dtype, date_created, date_last_modified, status, title, view, account_id, board_content_id) values (20, 'MovieReviewHeader', '2022-05-16 15:57:40', now(), 'ACTIVE', 'Aenean sit amet justo.', 761, 19, 20);
insert into BOARD_HEAD_CORE  (id, dtype, date_created, date_last_modified, status, title, view, account_id, board_content_id) values (21, 'NoticeHeader', '2022-10-17 05:17:37', now(), 'INACTIVE', 'Sed ante.', 57, 28, 21);
insert into BOARD_HEAD_CORE  (id, dtype, date_created, date_last_modified, status, title, view, account_id, board_content_id) values (22, 'NoticeHeader', '2022-03-04 12:35:07', now(), 'INACTIVE', 'In est risus, auctor sed, tristique in, tempus sit amet, sem.', 180, 19, 22);
insert into BOARD_HEAD_CORE  (id, dtype, date_created, date_last_modified, status, title, view, account_id, board_content_id) values (23, 'NoticeHeader', '2022-03-15 23:08:33', now(), 'INACTIVE', 'In est risus, auctor sed, tristique in, tempus sit amet, sem.', 161, 16, 23);
insert into BOARD_HEAD_CORE  (id, dtype, date_created, date_last_modified, status, title, view, account_id, board_content_id) values (24, 'NoticeHeader', '2022-01-25 16:36:30', now(), 'ACTIVE', 'Proin eu mi.', 80, 20, 24);
insert into BOARD_HEAD_CORE  (id, dtype, date_created, date_last_modified, status, title, view, account_id, board_content_id) values (25, 'NoticeHeader', '2022-07-05 20:15:00', now(), 'ACTIVE', 'In blandit ultrices enim.', 683, 11, 25);
insert into BOARD_HEAD_CORE  (id, dtype, date_created, date_last_modified, status, title, view, account_id, board_content_id) values (26, 'NoticeHeader', '2022-02-07 04:42:20', now(), 'INACTIVE', 'Vestibulum ante ipsum primis in faucibus orci luctus et ultrices posuere cubilia Curae.', 173, 7, 26);
insert into BOARD_HEAD_CORE  (id, dtype, date_created, date_last_modified, status, title, view, account_id, board_content_id) values (27, 'NoticeHeader', '2022-09-27 17:26:37', now(), 'ACTIVE', 'Aliquam quis turpis eget elit sodales scelerisque.', 775, 25, 27);
insert into BOARD_HEAD_CORE  (id, dtype, date_created, date_last_modified, status, title, view, account_id, board_content_id) values (28, 'NoticeHeader', '2022-09-23 04:39:37', now(), 'INACTIVE', 'Mauris sit amet eros.', 361, 27, 28);
insert into BOARD_HEAD_CORE  (id, dtype, date_created, date_last_modified, status, title, view, account_id, board_content_id) values (29, 'NoticeHeader', '2022-10-01 11:17:23', now(), 'INACTIVE', 'Suspendisse potenti.', 788, 27, 29);
insert into BOARD_HEAD_CORE  (id, dtype, date_created, date_last_modified, status, title, view, account_id, board_content_id) values (30, 'NoticeHeader', '2022-06-27 18:11:02', now(), 'INACTIVE', 'Duis ac nibh.', 401, 1, 30);
insert into BOARD_HEAD_CORE  (id, dtype, date_created, date_last_modified, status, title, view, account_id, board_content_id) values (31, 'BannerHeader', '2022-10-01 22:16:17', now(), 'ACTIVE', 'Morbi sem mauris, laoreet ut, rhoncus aliquet, pulvinar sed, nisl.', 710, 20, null);
insert into BOARD_HEAD_CORE  (id, dtype, date_created, date_last_modified, status, title, view, account_id, board_content_id) values (32, 'BannerHeader', '2022-11-26 00:28:27', now(), 'ACTIVE', 'Vestibulum ac est lacinia nisi venenatis tristique.', 933, 26, null);
insert into BOARD_HEAD_CORE  (id, dtype, date_created, date_last_modified, status, title, view, account_id, board_content_id) values (33, 'BannerHeader', '2022-05-09 10:46:14', now(), 'ACTIVE', 'Integer non velit.', 22, 29, null);
insert into BOARD_HEAD_CORE  (id, dtype, date_created, date_last_modified, status, title, view, account_id, board_content_id) values (34, 'BannerHeader', '2022-01-30 07:05:01', now(), 'INACTIVE', 'Proin eu mi.', 688, 10, null);
insert into BOARD_HEAD_CORE  (id, dtype, date_created, date_last_modified, status, title, view, account_id, board_content_id) values (35, 'BannerHeader', '2022-07-30 19:41:46', now(), 'INACTIVE', 'Nullam orci pede, venenatis non, sodales sed, tincidunt eu, felis.', 914, 19, null);
insert into BOARD_HEAD_CORE  (id, dtype, date_created, date_last_modified, status, title, view, account_id, board_content_id) values (36, 'BannerHeader', '2022-04-03 03:04:07', now(), 'ACTIVE', 'Ut at dolor quis odio consequat varius.', 476, 17, null);
insert into BOARD_HEAD_CORE  (id, dtype, date_created, date_last_modified, status, title, view, account_id, board_content_id) values (37, 'BannerHeader', '2023-01-17 05:57:41', now(), 'INACTIVE', 'Nullam varius.', 64, 5, null);
insert into BOARD_HEAD_CORE  (id, dtype, date_created, date_last_modified, status, title, view, account_id, board_content_id) values (38, 'BannerHeader', '2022-05-31 03:29:32', now(), 'ACTIVE', 'Nam ultrices, libero non mattis pulvinar, nulla pede ullamcorper augue.', 507, 26, null);
insert into BOARD_HEAD_CORE  (id, dtype, date_created, date_last_modified, status, title, view, account_id, board_content_id) values (39, 'BannerHeader', '2022-05-09 08:35:09', now(), 'ACTIVE', 'Praesent lectus.', 380, 10, null);
insert into BOARD_HEAD_CORE  (id, dtype, date_created, date_last_modified, status, title, view, account_id, board_content_id) values (40, 'BannerHeader', '2022-02-25 04:25:25', now(), 'INACTIVE', 'Integer a nibh.', 504, 21, null);

insert into IMAGE_FILE  (id, date_created, date_last_modified, original_file_name, uuid_file_name, board_head_core_id) values (1, now(), now(), 'popcorn-movie-party-entertainment.webp', '3554e88f-d683-4f18-b3f4-33fbf6905792.webp', 1);
insert into IMAGE_FILE  (id, date_created, date_last_modified, original_file_name, uuid_file_name, board_head_core_id) values (2, now(), now(), 'popcorn-movie-party-entertainment.webp', '3554e88f-d683-4f18-b3f4-33fbf6905792.webp', 2);
insert into IMAGE_FILE  (id, date_created, date_last_modified, original_file_name, uuid_file_name, board_head_core_id) values (3, now(), now(), 'popcorn-movie-party-entertainment.webp', '3554e88f-d683-4f18-b3f4-33fbf6905792.webp', 3);
insert into IMAGE_FILE  (id, date_created, date_last_modified, original_file_name, uuid_file_name, board_head_core_id) values (4, now(), now(), 'popcorn-movie-party-entertainment.webp', '3554e88f-d683-4f18-b3f4-33fbf6905792.webp', 4);
insert into IMAGE_FILE  (id, date_created, date_last_modified, original_file_name, uuid_file_name, board_head_core_id) values (5, now(), now(), 'popcorn-movie-party-entertainment.webp', '3554e88f-d683-4f18-b3f4-33fbf6905792.webp', 5);
insert into IMAGE_FILE  (id, date_created, date_last_modified, original_file_name, uuid_file_name, board_head_core_id) values (6, now(), now(), 'popcorn-movie-party-entertainment.webp', '3554e88f-d683-4f18-b3f4-33fbf6905792.webp', 6);
insert into IMAGE_FILE  (id, date_created, date_last_modified, original_file_name, uuid_file_name, board_head_core_id) values (7, now(), now(), 'popcorn-movie-party-entertainment.webp', '3554e88f-d683-4f18-b3f4-33fbf6905792.webp', 7);
insert into IMAGE_FILE  (id, date_created, date_last_modified, original_file_name, uuid_file_name, board_head_core_id) values (8, now(), now(), 'popcorn-movie-party-entertainment.webp', '3554e88f-d683-4f18-b3f4-33fbf6905792.webp', 8);
insert into IMAGE_FILE  (id, date_created, date_last_modified, original_file_name, uuid_file_name, board_head_core_id) values (9, now(), now(), 'popcorn-movie-party-entertainment.webp', '3554e88f-d683-4f18-b3f4-33fbf6905792.webp', 9);
insert into IMAGE_FILE  (id, date_created, date_last_modified, original_file_name, uuid_file_name, board_head_core_id) values (10, now(), now(), 'popcorn-movie-party-entertainment.webp', '3554e88f-d683-4f18-b3f4-33fbf6905792.webp', 10);
insert into IMAGE_FILE  (id, date_created, date_last_modified, original_file_name, uuid_file_name, board_head_core_id) values (11, now(), now(), 'popcorn-movie-party-entertainment.webp', '3554e88f-d683-4f18-b3f4-33fbf6905792.webp', 11);
insert into IMAGE_FILE  (id, date_created, date_last_modified, original_file_name, uuid_file_name, board_head_core_id) values (12, now(), now(), 'popcorn-movie-party-entertainment.webp', '3554e88f-d683-4f18-b3f4-33fbf6905792.webp', 12);
insert into IMAGE_FILE  (id, date_created, date_last_modified, original_file_name, uuid_file_name, board_head_core_id) values (13, now(), now(), 'popcorn-movie-party-entertainment.webp', '3554e88f-d683-4f18-b3f4-33fbf6905792.webp', 13);
insert into IMAGE_FILE  (id, date_created, date_last_modified, original_file_name, uuid_file_name, board_head_core_id) values (14, now(), now(), 'popcorn-movie-party-entertainment.webp', '3554e88f-d683-4f18-b3f4-33fbf6905792.webp', 14);
insert into IMAGE_FILE  (id, date_created, date_last_modified, original_file_name, uuid_file_name, board_head_core_id) values (15, now(), now(), 'popcorn-movie-party-entertainment.webp', '3554e88f-d683-4f18-b3f4-33fbf6905792.webp', 15);
insert into IMAGE_FILE  (id, date_created, date_last_modified, original_file_name, uuid_file_name, board_head_core_id) values (16, now(), now(), 'popcorn-movie-party-entertainment.webp', '3554e88f-d683-4f18-b3f4-33fbf6905792.webp', 16);
insert into IMAGE_FILE  (id, date_created, date_last_modified, original_file_name, uuid_file_name, board_head_core_id) values (17, now(), now(), 'popcorn-movie-party-entertainment.webp', '3554e88f-d683-4f18-b3f4-33fbf6905792.webp', 17);
insert into IMAGE_FILE  (id, date_created, date_last_modified, original_file_name, uuid_file_name, board_head_core_id) values (18, now(), now(), 'popcorn-movie-party-entertainment.webp', '3554e88f-d683-4f18-b3f4-33fbf6905792.webp', 18);
insert into IMAGE_FILE  (id, date_created, date_last_modified, original_file_name, uuid_file_name, board_head_core_id) values (19, now(), now(), 'popcorn-movie-party-entertainment.webp', '3554e88f-d683-4f18-b3f4-33fbf6905792.webp', 19);
insert into IMAGE_FILE  (id, date_created, date_last_modified, original_file_name, uuid_file_name, board_head_core_id) values (20, now(), now(), 'popcorn-movie-party-entertainment.webp', '3554e88f-d683-4f18-b3f4-33fbf6905792.webp', 20);
insert into IMAGE_FILE  (id, date_created, date_last_modified, original_file_name, uuid_file_name, board_head_core_id) values (21, now(), now(), 'popcorn-movie-party-entertainment.webp', '3554e88f-d683-4f18-b3f4-33fbf6905792.webp', 21);
insert into IMAGE_FILE  (id, date_created, date_last_modified, original_file_name, uuid_file_name, board_head_core_id) values (22, now(), now(), 'popcorn-movie-party-entertainment.webp', '3554e88f-d683-4f18-b3f4-33fbf6905792.webp', 22);
insert into IMAGE_FILE  (id, date_created, date_last_modified, original_file_name, uuid_file_name, board_head_core_id) values (23, now(), now(), 'popcorn-movie-party-entertainment.webp', '3554e88f-d683-4f18-b3f4-33fbf6905792.webp', 23);
insert into IMAGE_FILE  (id, date_created, date_last_modified, original_file_name, uuid_file_name, board_head_core_id) values (24, now(), now(), 'popcorn-movie-party-entertainment.webp', '3554e88f-d683-4f18-b3f4-33fbf6905792.webp', 24);
insert into IMAGE_FILE  (id, date_created, date_last_modified, original_file_name, uuid_file_name, board_head_core_id) values (25, now(), now(), 'popcorn-movie-party-entertainment.webp', '3554e88f-d683-4f18-b3f4-33fbf6905792.webp', 25);
insert into IMAGE_FILE  (id, date_created, date_last_modified, original_file_name, uuid_file_name, board_head_core_id) values (26, now(), now(), 'popcorn-movie-party-entertainment.webp', '3554e88f-d683-4f18-b3f4-33fbf6905792.webp', 26);
insert into IMAGE_FILE  (id, date_created, date_last_modified, original_file_name, uuid_file_name, board_head_core_id) values (27, now(), now(), 'popcorn-movie-party-entertainment.webp', '3554e88f-d683-4f18-b3f4-33fbf6905792.webp', 27);
insert into IMAGE_FILE  (id, date_created, date_last_modified, original_file_name, uuid_file_name, board_head_core_id) values (28, now(), now(), 'popcorn-movie-party-entertainment.webp', '3554e88f-d683-4f18-b3f4-33fbf6905792.webp', 28);
insert into IMAGE_FILE  (id, date_created, date_last_modified, original_file_name, uuid_file_name, board_head_core_id) values (29, now(), now(), 'popcorn-movie-party-entertainment.webp', '3554e88f-d683-4f18-b3f4-33fbf6905792.webp', 29);
insert into IMAGE_FILE  (id, date_created, date_last_modified, original_file_name, uuid_file_name, board_head_core_id) values (30, now(), now(), 'popcorn-movie-party-entertainment.webp', '3554e88f-d683-4f18-b3f4-33fbf6905792.webp', 30);
insert into IMAGE_FILE  (id, date_created, date_last_modified, original_file_name, uuid_file_name, board_head_core_id) values (31, now(), now(), 'popcorn-movie-party-entertainment.webp', '3554e88f-d683-4f18-b3f4-33fbf6905792.webp', 31);
insert into IMAGE_FILE  (id, date_created, date_last_modified, original_file_name, uuid_file_name, board_head_core_id) values (32, now(), now(), 'popcorn-movie-party-entertainment.webp', '3554e88f-d683-4f18-b3f4-33fbf6905792.webp', 32);
insert into IMAGE_FILE  (id, date_created, date_last_modified, original_file_name, uuid_file_name, board_head_core_id) values (33, now(), now(), 'popcorn-movie-party-entertainment.webp', '3554e88f-d683-4f18-b3f4-33fbf6905792.webp', 33);
insert into IMAGE_FILE  (id, date_created, date_last_modified, original_file_name, uuid_file_name, board_head_core_id) values (34, now(), now(), 'popcorn-movie-party-entertainment.webp', '3554e88f-d683-4f18-b3f4-33fbf6905792.webp', 34);
insert into IMAGE_FILE  (id, date_created, date_last_modified, original_file_name, uuid_file_name, board_head_core_id) values (35, now(), now(), 'popcorn-movie-party-entertainment.webp', '3554e88f-d683-4f18-b3f4-33fbf6905792.webp', 35);
insert into IMAGE_FILE  (id, date_created, date_last_modified, original_file_name, uuid_file_name, board_head_core_id) values (36, now(), now(), 'popcorn-movie-party-entertainment.webp', '3554e88f-d683-4f18-b3f4-33fbf6905792.webp', 36);
insert into IMAGE_FILE  (id, date_created, date_last_modified, original_file_name, uuid_file_name, board_head_core_id) values (37, now(), now(), 'popcorn-movie-party-entertainment.webp', '3554e88f-d683-4f18-b3f4-33fbf6905792.webp', 37);
insert into IMAGE_FILE  (id, date_created, date_last_modified, original_file_name, uuid_file_name, board_head_core_id) values (38, now(), now(), 'popcorn-movie-party-entertainment.webp', '3554e88f-d683-4f18-b3f4-33fbf6905792.webp', 38);
insert into IMAGE_FILE  (id, date_created, date_last_modified, original_file_name, uuid_file_name, board_head_core_id) values (39, now(), now(), 'popcorn-movie-party-entertainment.webp', '3554e88f-d683-4f18-b3f4-33fbf6905792.webp', 39);
insert into IMAGE_FILE  (id, date_created, date_last_modified, original_file_name, uuid_file_name, board_head_core_id) values (40, now(), now(), 'popcorn-movie-party-entertainment.webp', '3554e88f-d683-4f18-b3f4-33fbf6905792.webp', 40);

insert into POST_HEADER  (id, category) values (1, 'FREE');
insert into POST_HEADER  (id, category) values (2, 'REVIEW');
insert into POST_HEADER  (id, category) values (3, 'SHARE');
insert into POST_HEADER  (id, category) values (4, 'SHARE');
insert into POST_HEADER  (id, category) values (5, 'REVIEW');
insert into POST_HEADER  (id, category) values (6, 'FREE');
insert into POST_HEADER  (id, category) values (7, 'REVIEW');
insert into POST_HEADER  (id, category) values (8, 'SHARE');
insert into POST_HEADER  (id, category) values (9, 'REVIEW');
insert into POST_HEADER  (id, category) values (10, 'FREE');
insert into MOVIE_REVIEW_HEADER  (id, tag) values (11, 'B');
insert into MOVIE_REVIEW_HEADER  (id, tag) values (12, 'A');
insert into MOVIE_REVIEW_HEADER  (id, tag) values (13, 'A');
insert into MOVIE_REVIEW_HEADER  (id, tag) values (14, 'A');
insert into MOVIE_REVIEW_HEADER  (id, tag) values (15, 'A');
insert into MOVIE_REVIEW_HEADER  (id, tag) values (16, 'A');
insert into MOVIE_REVIEW_HEADER  (id, tag) values (17, 'A');
insert into MOVIE_REVIEW_HEADER  (id, tag) values (18, 'A');
insert into MOVIE_REVIEW_HEADER  (id, tag) values (19, 'B');
insert into MOVIE_REVIEW_HEADER  (id, tag) values (20, 'A');
insert into NOTICE_HEADER  (id, start_date, end_date) values (21, '2022-08-02 03:04:36', '2022-08-29 15:07:02');
insert into NOTICE_HEADER  (id, start_date, end_date) values (22, '2022-11-19 02:29:50', '2022-11-18 23:53:17');
insert into NOTICE_HEADER  (id, start_date, end_date) values (23, '2022-07-22 22:31:33', '2022-09-21 19:05:35');
insert into NOTICE_HEADER  (id, start_date, end_date) values (24, '2022-05-21 07:22:09', '2022-06-19 03:27:11');
insert into NOTICE_HEADER  (id, start_date, end_date) values (25, '2023-02-24 02:33:45', '2022-07-21 11:52:49');
insert into NOTICE_HEADER  (id, start_date, end_date) values (26, '2022-05-04 23:39:21', '2022-10-13 10:08:33');
insert into NOTICE_HEADER  (id, start_date, end_date) values (27, '2022-04-04 15:30:03', '2022-11-25 20:59:27');
insert into NOTICE_HEADER  (id, start_date, end_date) values (28, '2022-06-06 09:21:19', '2023-03-09 01:24:43');
insert into NOTICE_HEADER  (id, start_date, end_date) values (29, '2022-08-26 00:58:28', '2022-12-21 12:20:55');
insert into NOTICE_HEADER  (id, start_date, end_date) values (30, '2022-11-08 23:02:47', '2022-07-12 02:28:15');
insert into BANNER_HEADER  (id) values (31);
insert into BANNER_HEADER  (id) values (32);
insert into BANNER_HEADER  (id) values (33);
insert into BANNER_HEADER  (id) values (34);
insert into BANNER_HEADER  (id) values (35);
insert into BANNER_HEADER  (id) values (36);
insert into BANNER_HEADER  (id) values (37);
insert into BANNER_HEADER  (id) values (38);
insert into BANNER_HEADER  (id) values (39);
insert into BANNER_HEADER  (id) values (40);

insert into MOVIE_REVIEW_COMMENT (id, date_created, date_last_modified, content, status, account_id, movie_review_comment_id, movie_review_header_id) values (1, 'now()', 'now()', 'Donec quis orci eget orci vehicula condimentum. Curabitur in libero ut massa volutpat convallis.', 'ACTIVE', 16, null, '13');
insert into MOVIE_REVIEW_COMMENT (id, date_created, date_last_modified, content, status, account_id, movie_review_comment_id, movie_review_header_id) values (2, 'now()', 'now()', 'Quisque id justo sit amet sapien dignissim vestibulum.', 'INACTIVE', 27, 1, '13');
insert into MOVIE_REVIEW_COMMENT (id, date_created, date_last_modified, content, status, account_id, movie_review_comment_id, movie_review_header_id) values (3, 'now()', 'now()', 'Aliquam augue quam, sollicitudin vitae, consectetuer eget, rutrum at, lorem. Integer tincidunt ante vel ipsum.', 'ACTIVE', 27, null, '20');
insert into MOVIE_REVIEW_COMMENT (id, date_created, date_last_modified, content, status, account_id, movie_review_comment_id, movie_review_header_id) values (4, 'now()', 'now()', 'Sed accumsan felis. Ut at dolor quis odio consequat varius.', 'ACTIVE', 23, null, '15');
insert into MOVIE_REVIEW_COMMENT (id, date_created, date_last_modified, content, status, account_id, movie_review_comment_id, movie_review_header_id) values (5, 'now()', 'now()', 'Praesent id massa id nisl venenatis lacinia. Aenean sit amet justo.', 'ACTIVE', 13, null, '17');
insert into MOVIE_REVIEW_COMMENT (id, date_created, date_last_modified, content, status, account_id, movie_review_comment_id, movie_review_header_id) values (6, 'now()', 'now()', 'Nulla mollis molestie lorem.', 'ACTIVE', 25, 3, '20');
insert into MOVIE_REVIEW_COMMENT (id, date_created, date_last_modified, content, status, account_id, movie_review_comment_id, movie_review_header_id) values (7, 'now()', 'now()', 'Sed ante. Vivamus tortor.', 'DELETED', 25, null, '13');
insert into MOVIE_REVIEW_COMMENT (id, date_created, date_last_modified, content, status, account_id, movie_review_comment_id, movie_review_header_id) values (8, 'now()', 'now()', 'Maecenas pulvinar lobortis est. Phasellus sit amet erat.', 'ACTIVE', 17, 3, '20');
insert into MOVIE_REVIEW_COMMENT (id, date_created, date_last_modified, content, status, account_id, movie_review_comment_id, movie_review_header_id) values (9, 'now()', 'now()', 'Curabitur gravida nisi at nibh.', 'DELETED', 25, null, '12');
insert into MOVIE_REVIEW_COMMENT (id, date_created, date_last_modified, content, status, account_id, movie_review_comment_id, movie_review_header_id) values (10, 'now()', 'now()', 'Nam nulla.', 'INACTIVE', 10, null, '17');
insert into MOVIE_REVIEW_COMMENT (id, date_created, date_last_modified, content, status, account_id, movie_review_comment_id, movie_review_header_id) values (11, 'now()', 'now()', 'Sed sagittis.', 'DELETED', 2, 3, '20');
insert into MOVIE_REVIEW_COMMENT (id, date_created, date_last_modified, content, status, account_id, movie_review_comment_id, movie_review_header_id) values (12, 'now()', 'now()', 'Cum sociis natoque penatibus et magnis dis parturient montes, nascetur ridiculus mus.', 'DELETED', 30, null, '14');
insert into MOVIE_REVIEW_COMMENT (id, date_created, date_last_modified, content, status, account_id, movie_review_comment_id, movie_review_header_id) values (13, 'now()', 'now()', 'Aliquam non mauris.', 'ACTIVE', 8, null, '18');
insert into MOVIE_REVIEW_COMMENT (id, date_created, date_last_modified, content, status, account_id, movie_review_comment_id, movie_review_header_id) values (14, 'now()', 'now()', 'Maecenas rhoncus aliquam lacus. Morbi quis tortor id nulla ultrices aliquet.', 'ACTIVE', 18, null, '14');
insert into MOVIE_REVIEW_COMMENT (id, date_created, date_last_modified, content, status, account_id, movie_review_comment_id, movie_review_header_id) values (15, 'now()', 'now()', 'In blandit ultrices enim.', 'ACTIVE', 1, null, '11');
insert into MOVIE_REVIEW_COMMENT (id, date_created, date_last_modified, content, status, account_id, movie_review_comment_id, movie_review_header_id) values (16, 'now()', 'now()', 'Fusce posuere felis sed lacus. Morbi sem mauris, laoreet ut, rhoncus aliquet, pulvinar sed, nisl.', 'ACTIVE', 22, 3, '20');
insert into MOVIE_REVIEW_COMMENT (id, date_created, date_last_modified, content, status, account_id, movie_review_comment_id, movie_review_header_id) values (17, 'now()', 'now()', 'Phasellus in felis. Donec semper sapien a libero.', 'INACTIVE', 25, null, '11');
insert into MOVIE_REVIEW_COMMENT (id, date_created, date_last_modified, content, status, account_id, movie_review_comment_id, movie_review_header_id) values (18, 'now()', 'now()', 'Mauris sit amet eros. Suspendisse accumsan tortor quis turpis.', 'ACTIVE', 2, null, '11');
insert into MOVIE_REVIEW_COMMENT (id, date_created, date_last_modified, content, status, account_id, movie_review_comment_id, movie_review_header_id) values (19, 'now()', 'now()', 'Mauris lacinia sapien quis libero.', 'ACTIVE', 14, null, '16');
insert into MOVIE_REVIEW_COMMENT (id, date_created, date_last_modified, content, status, account_id, movie_review_comment_id, movie_review_header_id) values (20, 'now()', 'now()', 'Nam nulla.', 'ACTIVE', 22, null, '16');
insert into MOVIE_REVIEW_COMMENT (id, date_created, date_last_modified, content, status, account_id, movie_review_comment_id, movie_review_header_id) values (21, 'now()', 'now()', 'Integer pede justo, lacinia eget, tincidunt eget, tempus vel, pede.', 'ACTIVE', 2, null, '13');
insert into MOVIE_REVIEW_COMMENT (id, date_created, date_last_modified, content, status, account_id, movie_review_comment_id, movie_review_header_id) values (22, 'now()', 'now()', 'Cras in purus eu magna vulputate luctus.', 'ACTIVE', 19, null, '17');
insert into MOVIE_REVIEW_COMMENT (id, date_created, date_last_modified, content, status, account_id, movie_review_comment_id, movie_review_header_id) values (23, 'now()', 'now()', 'Morbi odio odio, elementum eu, interdum eu, tincidunt in, leo. Maecenas pulvinar lobortis est.', 'DELETED', 24, null, '17');
insert into MOVIE_REVIEW_COMMENT (id, date_created, date_last_modified, content, status, account_id, movie_review_comment_id, movie_review_header_id) values (24, 'now()', 'now()', 'In hac habitasse platea dictumst. Aliquam augue quam, sollicitudin vitae, consectetuer eget, rutrum at, lorem.', 'DELETED', 13, null, '12');
insert into MOVIE_REVIEW_COMMENT (id, date_created, date_last_modified, content, status, account_id, movie_review_comment_id, movie_review_header_id) values (25, 'now()', 'now()', 'Vestibulum ac est lacinia nisi venenatis tristique.', 'ACTIVE', 21, null, '13');
insert into MOVIE_REVIEW_COMMENT (id, date_created, date_last_modified, content, status, account_id, movie_review_comment_id, movie_review_header_id) values (26, 'now()', 'now()', 'In blandit ultrices enim.', 'ACTIVE', 10, 21, '13');
insert into MOVIE_REVIEW_COMMENT (id, date_created, date_last_modified, content, status, account_id, movie_review_comment_id, movie_review_header_id) values (27, 'now()', 'now()', 'Nullam varius.', 'ACTIVE', 13, 6, '13');
insert into MOVIE_REVIEW_COMMENT (id, date_created, date_last_modified, content, status, account_id, movie_review_comment_id, movie_review_header_id) values (28, 'now()', 'now()', 'Integer ac leo. Pellentesque ultrices mattis odio.', 'ACTIVE', 19, null, '16');
insert into MOVIE_REVIEW_COMMENT (id, date_created, date_last_modified, content, status, account_id, movie_review_comment_id, movie_review_header_id) values (29, 'now()', 'now()', 'Nulla justo. Aliquam quis turpis eget elit sodales scelerisque.', 'ACTIVE', 13, 20, '16');
insert into MOVIE_REVIEW_COMMENT (id, date_created, date_last_modified, content, status, account_id, movie_review_comment_id, movie_review_header_id) values (30, 'now()', 'now()', 'Vestibulum sed magna at nunc commodo placerat.', 'ACTIVE', 24, null, '20');
insert into MOVIE_REVIEW_COMMENT (id, date_created, date_last_modified, content, status, account_id, movie_review_comment_id, movie_review_header_id) values (31, 'now()', 'now()', 'Suspendisse potenti.', 'ACTIVE', 12, null, '13');
insert into MOVIE_REVIEW_COMMENT (id, date_created, date_last_modified, content, status, account_id, movie_review_comment_id, movie_review_header_id) values (32, 'now()', 'now()', 'Curabitur gravida nisi at nibh. In hac habitasse platea dictumst.', 'ACTIVE', 27, 13, '18');
insert into MOVIE_REVIEW_COMMENT (id, date_created, date_last_modified, content, status, account_id, movie_review_comment_id, movie_review_header_id) values (33, 'now()', 'now()', 'Vivamus metus arcu, adipiscing molestie, hendrerit at, vulputate vitae, nisl.', 'ACTIVE', 25, 21, '13');
insert into MOVIE_REVIEW_COMMENT (id, date_created, date_last_modified, content, status, account_id, movie_review_comment_id, movie_review_header_id) values (34, 'now()', 'now()', 'Etiam vel augue. Vestibulum rutrum rutrum neque.', 'ACTIVE', 6, null, '12');
insert into MOVIE_REVIEW_COMMENT (id, date_created, date_last_modified, content, status, account_id, movie_review_comment_id, movie_review_header_id) values (35, 'now()', 'now()', 'Curabitur convallis.', 'ACTIVE', 15, null, '15');
insert into MOVIE_REVIEW_COMMENT (id, date_created, date_last_modified, content, status, account_id, movie_review_comment_id, movie_review_header_id) values (36, 'now()', 'now()', 'Suspendisse potenti.', 'INACTIVE', 11, null, '11');
insert into MOVIE_REVIEW_COMMENT (id, date_created, date_last_modified, content, status, account_id, movie_review_comment_id, movie_review_header_id) values (37, 'now()', 'now()', 'Cum sociis natoque penatibus et magnis dis parturient montes, nascetur ridiculus mus. Etiam vel augue.', 'ACTIVE', 13, null, '18');
insert into MOVIE_REVIEW_COMMENT (id, date_created, date_last_modified, content, status, account_id, movie_review_comment_id, movie_review_header_id) values (38, 'now()', 'now()', 'Duis ac nibh.', 'ACTIVE', 25, null, '17');
insert into MOVIE_REVIEW_COMMENT (id, date_created, date_last_modified, content, status, account_id, movie_review_comment_id, movie_review_header_id) values (39, 'now()', 'now()', 'Nulla justo.', 'ACTIVE', 6, null, '18');
insert into MOVIE_REVIEW_COMMENT (id, date_created, date_last_modified, content, status, account_id, movie_review_comment_id, movie_review_header_id) values (40, 'now()', 'now()', 'Praesent blandit lacinia erat.', 'ACTIVE', 3, null, '12');
insert into MOVIE_REVIEW_COMMENT (id, date_created, date_last_modified, content, status, account_id, movie_review_comment_id, movie_review_header_id) values (41, 'now()', 'now()', 'In hac habitasse platea dictumst.', 'ACTIVE', 4, null, '16');
insert into MOVIE_REVIEW_COMMENT (id, date_created, date_last_modified, content, status, account_id, movie_review_comment_id, movie_review_header_id) values (42, 'now()', 'now()', 'Donec posuere metus vitae ipsum. Aliquam non mauris.', 'ACTIVE', 4, null, '16');
insert into MOVIE_REVIEW_COMMENT (id, date_created, date_last_modified, content, status, account_id, movie_review_comment_id, movie_review_header_id) values (43, 'now()', 'now()', 'Nullam porttitor lacus at turpis. Donec posuere metus vitae ipsum.', 'ACTIVE', 3, 36, '11');
insert into MOVIE_REVIEW_COMMENT (id, date_created, date_last_modified, content, status, account_id, movie_review_comment_id, movie_review_header_id) values (44, 'now()', 'now()', 'Praesent lectus. Vestibulum quam sapien, varius ut, blandit non, interdum in, ante.', 'ACTIVE', 21, null, '13');
insert into MOVIE_REVIEW_COMMENT (id, date_created, date_last_modified, content, status, account_id, movie_review_comment_id, movie_review_header_id) values (45, 'now()', 'now()', 'In tempor, turpis nec euismod scelerisque, quam turpis adipiscing lorem, vitae mattis nibh ligula nec sem.', 'ACTIVE', 6, 21, '13');
insert into MOVIE_REVIEW_COMMENT (id, date_created, date_last_modified, content, status, account_id, movie_review_comment_id, movie_review_header_id) values (46, 'now()', 'now()', 'Vestibulum rutrum rutrum neque. Aenean auctor gravida sem.', 'ACTIVE', 18, null, '18');
insert into MOVIE_REVIEW_COMMENT (id, date_created, date_last_modified, content, status, account_id, movie_review_comment_id, movie_review_header_id) values (47, 'now()', 'now()', 'Morbi non lectus. Aliquam sit amet diam in magna bibendum imperdiet.', 'ACTIVE', 23, null, '18');
insert into MOVIE_REVIEW_COMMENT (id, date_created, date_last_modified, content, status, account_id, movie_review_comment_id, movie_review_header_id) values (48, 'now()', 'now()', 'Cum sociis natoque penatibus et magnis dis parturient montes, nascetur ridiculus mus. Etiam vel augue.', 'ACTIVE', 29, null, '12');
insert into MOVIE_REVIEW_COMMENT (id, date_created, date_last_modified, content, status, account_id, movie_review_comment_id, movie_review_header_id) values (49, 'now()', 'now()', 'Mauris ullamcorper purus sit amet nulla.', 'ACTIVE', 24, 30, '20');
insert into MOVIE_REVIEW_COMMENT (id, date_created, date_last_modified, content, status, account_id, movie_review_comment_id, movie_review_header_id) values (50, 'now()', 'now()', 'Nulla mollis molestie lorem.', 'ACTIVE', 6, null, '17');
insert into MOVIE_REVIEW_COMMENT (id, date_created, date_last_modified, content, status, account_id, movie_review_comment_id, movie_review_header_id) values (51, 'now()', 'now()', 'Cras in purus eu magna vulputate luctus.', 'ACTIVE', 4, 27, '11');
insert into MOVIE_REVIEW_COMMENT (id, date_created, date_last_modified, content, status, account_id, movie_review_comment_id, movie_review_header_id) values (52, 'now()', 'now()', 'Donec quis orci eget orci vehicula condimentum.', 'ACTIVE', 17, 7, '13');
insert into MOVIE_REVIEW_COMMENT (id, date_created, date_last_modified, content, status, account_id, movie_review_comment_id, movie_review_header_id) values (53, 'now()', 'now()', 'Pellentesque viverra pede ac diam.', 'ACTIVE', 28, null, '13');
insert into MOVIE_REVIEW_COMMENT (id, date_created, date_last_modified, content, status, account_id, movie_review_comment_id, movie_review_header_id) values (54, 'now()', 'now()', 'Integer tincidunt ante vel ipsum.', 'ACTIVE', 20, null, '11');
insert into MOVIE_REVIEW_COMMENT (id, date_created, date_last_modified, content, status, account_id, movie_review_comment_id, movie_review_header_id) values (55, 'now()', 'now()', 'Nam dui. Proin leo odio, porttitor id, consequat in, consequat ut, nulla.', 'ACTIVE', 12, null, '13');
insert into MOVIE_REVIEW_COMMENT (id, date_created, date_last_modified, content, status, account_id, movie_review_comment_id, movie_review_header_id) values (56, 'now()', 'now()', 'Cum sociis natoque penatibus et magnis dis parturient montes, nascetur ridiculus mus. Vivamus vestibulum sagittis sapien.', 'ACTIVE', 18, 2, '19');
insert into MOVIE_REVIEW_COMMENT (id, date_created, date_last_modified, content, status, account_id, movie_review_comment_id, movie_review_header_id) values (57, 'now()', 'now()', 'Nullam molestie nibh in lectus.', 'ACTIVE', 22, null, '20');
insert into MOVIE_REVIEW_COMMENT (id, date_created, date_last_modified, content, status, account_id, movie_review_comment_id, movie_review_header_id) values (58, 'now()', 'now()', 'Nullam molestie nibh in lectus. Pellentesque at nulla.', 'ACTIVE', 12, 20, '16');
insert into MOVIE_REVIEW_COMMENT (id, date_created, date_last_modified, content, status, account_id, movie_review_comment_id, movie_review_header_id) values (59, 'now()', 'now()', 'Mauris sit amet eros.', 'ACTIVE', 1, 33, '18');
insert into MOVIE_REVIEW_COMMENT (id, date_created, date_last_modified, content, status, account_id, movie_review_comment_id, movie_review_header_id) values (60, 'now()', 'now()', 'Aliquam erat volutpat. In congue.', 'INACTIVE', 15, null, '17');
insert into MOVIE_REVIEW_COMMENT (id, date_created, date_last_modified, content, status, account_id, movie_review_comment_id, movie_review_header_id) values (61, 'now()', 'now()', 'Cum sociis natoque penatibus et magnis dis parturient montes, nascetur ridiculus mus.', 'ACTIVE', 8, 8, '12');
insert into MOVIE_REVIEW_COMMENT (id, date_created, date_last_modified, content, status, account_id, movie_review_comment_id, movie_review_header_id) values (62, 'now()', 'now()', 'Integer pede justo, lacinia eget, tincidunt eget, tempus vel, pede.', 'INACTIVE', 24, null, '16');
insert into MOVIE_REVIEW_COMMENT (id, date_created, date_last_modified, content, status, account_id, movie_review_comment_id, movie_review_header_id) values (63, 'now()', 'now()', 'Donec semper sapien a libero. Nam dui.', 'ACTIVE', 23, null, '16');
insert into MOVIE_REVIEW_COMMENT (id, date_created, date_last_modified, content, status, account_id, movie_review_comment_id, movie_review_header_id) values (64, 'now()', 'now()', 'Aliquam augue quam, sollicitudin vitae, consectetuer eget, rutrum at, lorem. Integer tincidunt ante vel ipsum.', 'ACTIVE', 14, 6, '13');
insert into MOVIE_REVIEW_COMMENT (id, date_created, date_last_modified, content, status, account_id, movie_review_comment_id, movie_review_header_id) values (65, 'now()', 'now()', 'Maecenas pulvinar lobortis est.', 'ACTIVE', 3, null, '11');
insert into MOVIE_REVIEW_COMMENT (id, date_created, date_last_modified, content, status, account_id, movie_review_comment_id, movie_review_header_id) values (66, 'now()', 'now()', 'Duis bibendum.', 'ACTIVE', 3, null, '16');
insert into MOVIE_REVIEW_COMMENT (id, date_created, date_last_modified, content, status, account_id, movie_review_comment_id, movie_review_header_id) values (67, 'now()', 'now()', 'Suspendisse potenti.', 'ACTIVE', 13, null, '11');
insert into MOVIE_REVIEW_COMMENT (id, date_created, date_last_modified, content, status, account_id, movie_review_comment_id, movie_review_header_id) values (68, 'now()', 'now()', 'Aliquam sit amet diam in magna bibendum imperdiet.', 'ACTIVE', 17, 21, '13');
insert into MOVIE_REVIEW_COMMENT (id, date_created, date_last_modified, content, status, account_id, movie_review_comment_id, movie_review_header_id) values (69, 'now()', 'now()', 'Vestibulum ante ipsum primis in faucibus orci luctus et ultrices posuere cubilia Curae; Donec pharetra, magna vestibulum aliquet ultrices, erat tortor sollicitudin mi, sit amet lobortis sapien sapien non mi. Integer ac neque.', 'ACTIVE', 19, null, '17');
insert into MOVIE_REVIEW_COMMENT (id, date_created, date_last_modified, content, status, account_id, movie_review_comment_id, movie_review_header_id) values (70, 'now()', 'now()', 'Nulla justo. Aliquam quis turpis eget elit sodales scelerisque.', 'ACTIVE', 15, null, '11');
insert into MOVIE_REVIEW_COMMENT (id, date_created, date_last_modified, content, status, account_id, movie_review_comment_id, movie_review_header_id) values (71, 'now()', 'now()', 'Donec quis orci eget orci vehicula condimentum. Curabitur in libero ut massa volutpat convallis.', 'ACTIVE', 21, 4, '15');
insert into MOVIE_REVIEW_COMMENT (id, date_created, date_last_modified, content, status, account_id, movie_review_comment_id, movie_review_header_id) values (72, 'now()', 'now()', 'Fusce congue, diam id ornare imperdiet, sapien urna pretium nisl, ut volutpat sapien arcu sed augue.', 'ACTIVE', 25, null, '11');
insert into MOVIE_REVIEW_COMMENT (id, date_created, date_last_modified, content, status, account_id, movie_review_comment_id, movie_review_header_id) values (73, 'now()', 'now()', 'Aenean sit amet justo.', 'ACTIVE', 7, 60, '17');
insert into MOVIE_REVIEW_COMMENT (id, date_created, date_last_modified, content, status, account_id, movie_review_comment_id, movie_review_header_id) values (74, 'now()', 'now()', 'Vestibulum ac est lacinia nisi venenatis tristique.', 'ACTIVE', 22, 49, '14');
insert into MOVIE_REVIEW_COMMENT (id, date_created, date_last_modified, content, status, account_id, movie_review_comment_id, movie_review_header_id) values (75, 'now()', 'now()', 'Curabitur convallis. Duis consequat dui nec nisi volutpat eleifend.', 'ACTIVE', 9, null, '20');
insert into MOVIE_REVIEW_COMMENT (id, date_created, date_last_modified, content, status, account_id, movie_review_comment_id, movie_review_header_id) values (76, 'now()', 'now()', 'Donec semper sapien a libero. Nam dui.', 'INACTIVE', 21, 63, '16');
insert into MOVIE_REVIEW_COMMENT (id, date_created, date_last_modified, content, status, account_id, movie_review_comment_id, movie_review_header_id) values (77, 'now()', 'now()', 'In hac habitasse platea dictumst. Maecenas ut massa quis augue luctus tincidunt.', 'ACTIVE', 2, null, '16');
insert into MOVIE_REVIEW_COMMENT (id, date_created, date_last_modified, content, status, account_id, movie_review_comment_id, movie_review_header_id) values (78, 'now()', 'now()', 'Cum sociis natoque penatibus et magnis dis parturient montes, nascetur ridiculus mus.', 'ACTIVE', 18, null, '11');
insert into MOVIE_REVIEW_COMMENT (id, date_created, date_last_modified, content, status, account_id, movie_review_comment_id, movie_review_header_id) values (79, 'now()', 'now()', 'Nullam molestie nibh in lectus.', 'INACTIVE', 26, null, '14');
insert into MOVIE_REVIEW_COMMENT (id, date_created, date_last_modified, content, status, account_id, movie_review_comment_id, movie_review_header_id) values (80, 'now()', 'now()', 'Quisque erat eros, viverra eget, congue eget, semper rutrum, nulla. Nunc purus.', 'ACTIVE', 21, null, '19');
insert into MOVIE_REVIEW_COMMENT (id, date_created, date_last_modified, content, status, account_id, movie_review_comment_id, movie_review_header_id) values (81, 'now()', 'now()', 'Morbi vel lectus in quam fringilla rhoncus. Mauris enim leo, rhoncus sed, vestibulum sit amet, cursus id, turpis.', 'ACTIVE', 22, 47, '18');
insert into MOVIE_REVIEW_COMMENT (id, date_created, date_last_modified, content, status, account_id, movie_review_comment_id, movie_review_header_id) values (82, 'now()', 'now()', 'Morbi non quam nec dui luctus rutrum. Nulla tellus.', 'ACTIVE', 10, null, '20');
insert into MOVIE_REVIEW_COMMENT (id, date_created, date_last_modified, content, status, account_id, movie_review_comment_id, movie_review_header_id) values (83, 'now()', 'now()', 'Integer non velit.', 'ACTIVE', 17, null, '15');
insert into MOVIE_REVIEW_COMMENT (id, date_created, date_last_modified, content, status, account_id, movie_review_comment_id, movie_review_header_id) values (84, 'now()', 'now()', 'Nulla mollis molestie lorem. Quisque ut erat.', 'ACTIVE', 28, null, '19');
insert into MOVIE_REVIEW_COMMENT (id, date_created, date_last_modified, content, status, account_id, movie_review_comment_id, movie_review_header_id) values (85, 'now()', 'now()', 'Integer ac leo.', 'ACTIVE', 20, null, '15');
insert into MOVIE_REVIEW_COMMENT (id, date_created, date_last_modified, content, status, account_id, movie_review_comment_id, movie_review_header_id) values (86, 'now()', 'now()', 'Praesent id massa id nisl venenatis lacinia. Aenean sit amet justo.', 'INACTIVE', 29, null, '12');
insert into MOVIE_REVIEW_COMMENT (id, date_created, date_last_modified, content, status, account_id, movie_review_comment_id, movie_review_header_id) values (87, 'now()', 'now()', 'Duis bibendum.', 'ACTIVE', 2, 23, '17');
insert into MOVIE_REVIEW_COMMENT (id, date_created, date_last_modified, content, status, account_id, movie_review_comment_id, movie_review_header_id) values (88, 'now()', 'now()', 'Vestibulum ante ipsum primis in faucibus orci luctus et ultrices posuere cubilia Curae; Donec pharetra, magna vestibulum aliquet ultrices, erat tortor sollicitudin mi, sit amet lobortis sapien sapien non mi. Integer ac neque.', 'DELETED', 22, null, '18');
insert into MOVIE_REVIEW_COMMENT (id, date_created, date_last_modified, content, status, account_id, movie_review_comment_id, movie_review_header_id) values (89, 'now()', 'now()', 'Fusce posuere felis sed lacus. Morbi sem mauris, laoreet ut, rhoncus aliquet, pulvinar sed, nisl.', 'ACTIVE', 14, 69, '17');
insert into MOVIE_REVIEW_COMMENT (id, date_created, date_last_modified, content, status, account_id, movie_review_comment_id, movie_review_header_id) values (90, 'now()', 'now()', 'Integer a nibh. In quis justo.', 'ACTIVE', 29, 78, '11');
insert into MOVIE_REVIEW_COMMENT (id, date_created, date_last_modified, content, status, account_id, movie_review_comment_id, movie_review_header_id) values (91, 'now()', 'now()', 'Donec ut dolor. Morbi vel lectus in quam fringilla rhoncus.', 'ACTIVE', 15, null, '13');
insert into MOVIE_REVIEW_COMMENT (id, date_created, date_last_modified, content, status, account_id, movie_review_comment_id, movie_review_header_id) values (92, 'now()', 'now()', 'Proin leo odio, porttitor id, consequat in, consequat ut, nulla. Sed accumsan felis.', 'ACTIVE', 13, null, '13');
insert into MOVIE_REVIEW_COMMENT (id, date_created, date_last_modified, content, status, account_id, movie_review_comment_id, movie_review_header_id) values (93, 'now()', 'now()', 'Morbi ut odio. Cras mi pede, malesuada in, imperdiet et, commodo vulputate, justo.', 'ACTIVE', 6, 81, '12');
insert into MOVIE_REVIEW_COMMENT (id, date_created, date_last_modified, content, status, account_id, movie_review_comment_id, movie_review_header_id) values (94, 'now()', 'now()', 'Etiam pretium iaculis justo. In hac habitasse platea dictumst.', 'ACTIVE', 17, null, '11');
insert into MOVIE_REVIEW_COMMENT (id, date_created, date_last_modified, content, status, account_id, movie_review_comment_id, movie_review_header_id) values (95, 'now()', 'now()', 'Morbi non lectus. Aliquam sit amet diam in magna bibendum imperdiet.', 'ACTIVE', 11, null, '13');
insert into MOVIE_REVIEW_COMMENT (id, date_created, date_last_modified, content, status, account_id, movie_review_comment_id, movie_review_header_id) values (96, 'now()', 'now()', 'Cum sociis natoque penatibus et magnis dis parturient montes, nascetur ridiculus mus. Vivamus vestibulum sagittis sapien.', 'DELETED', 20, 50, '17');
insert into MOVIE_REVIEW_COMMENT (id, date_created, date_last_modified, content, status, account_id, movie_review_comment_id, movie_review_header_id) values (97, 'now()', 'now()', 'Suspendisse potenti. Nullam porttitor lacus at turpis.', 'DELETED', 15, 11, '17');
insert into MOVIE_REVIEW_COMMENT (id, date_created, date_last_modified, content, status, account_id, movie_review_comment_id, movie_review_header_id) values (98, 'now()', 'now()', 'Duis bibendum.', 'ACTIVE', 25, null, '18');
insert into MOVIE_REVIEW_COMMENT (id, date_created, date_last_modified, content, status, account_id, movie_review_comment_id, movie_review_header_id) values (99, 'now()', 'now()', 'Etiam vel augue.', 'INACTIVE', 17, null, '13');
insert into MOVIE_REVIEW_COMMENT (id, date_created, date_last_modified, content, status, account_id, movie_review_comment_id, movie_review_header_id) values (100, 'now()', 'now()', 'Aenean fermentum. Donec ut mauris eget massa tempor convallis.', 'ACTIVE', 3, 33, '18');

insert into POST_COMMENT (id, date_created, date_last_modified, content, status, account_id, post_comment_id, post_header_id) values (1, 'now()', 'now()', 'Nulla mollis molestie lorem. Quisque ut erat.', 'ACTIVE', 17, null, '1');
insert into POST_COMMENT (id, date_created, date_last_modified, content, status, account_id, post_comment_id, post_header_id) values (2, 'now()', 'now()', 'Proin interdum mauris non ligula pellentesque ultrices. Phasellus id sapien in sapien iaculis congue.', 'ACTIVE', 27, null, '1');
insert into POST_COMMENT (id, date_created, date_last_modified, content, status, account_id, post_comment_id, post_header_id) values (3, 'now()', 'now()', 'Etiam vel augue. Vestibulum rutrum rutrum neque.', 'ACTIVE', 16, null, '5');
insert into POST_COMMENT (id, date_created, date_last_modified, content, status, account_id, post_comment_id, post_header_id) values (4, 'now()', 'now()', 'Pellentesque eget nunc.', 'ACTIVE', 14, null, '1');
insert into POST_COMMENT (id, date_created, date_last_modified, content, status, account_id, post_comment_id, post_header_id) values (5, 'now()', 'now()', 'Aenean auctor gravida sem.', 'DELETED', 28, null, '10');
insert into POST_COMMENT (id, date_created, date_last_modified, content, status, account_id, post_comment_id, post_header_id) values (6, 'now()', 'now()', 'Suspendisse potenti. In eleifend quam a odio.', 'ACTIVE', 1, null, '2');
insert into POST_COMMENT (id, date_created, date_last_modified, content, status, account_id, post_comment_id, post_header_id) values (7, 'now()', 'now()', 'Aenean auctor gravida sem.', 'ACTIVE', 25, null, '6');
insert into POST_COMMENT (id, date_created, date_last_modified, content, status, account_id, post_comment_id, post_header_id) values (8, 'now()', 'now()', 'Proin risus.', 'ACTIVE', 17, null, '4');
insert into POST_COMMENT (id, date_created, date_last_modified, content, status, account_id, post_comment_id, post_header_id) values (9, 'now()', 'now()', 'Nam ultrices, libero non mattis pulvinar, nulla pede ullamcorper augue, a suscipit nulla elit ac nulla.', 'ACTIVE', 17, null, '10');
insert into POST_COMMENT (id, date_created, date_last_modified, content, status, account_id, post_comment_id, post_header_id) values (10, 'now()', 'now()', 'Maecenas rhoncus aliquam lacus. Morbi quis tortor id nulla ultrices aliquet.', 'ACTIVE', 4, null, '4');
insert into POST_COMMENT (id, date_created, date_last_modified, content, status, account_id, post_comment_id, post_header_id) values (11, 'now()', 'now()', 'Aliquam sit amet diam in magna bibendum imperdiet. Nullam orci pede, venenatis non, sodales sed, tincidunt eu, felis.', 'ACTIVE', 1, null, '8');
insert into POST_COMMENT (id, date_created, date_last_modified, content, status, account_id, post_comment_id, post_header_id) values (12, 'now()', 'now()', 'Vestibulum ante ipsum primis in faucibus orci luctus et ultrices posuere cubilia Curae; Mauris viverra diam vitae quam. Suspendisse potenti.', 'ACTIVE', 4, null, '2');
insert into POST_COMMENT (id, date_created, date_last_modified, content, status, account_id, post_comment_id, post_header_id) values (13, 'now()', 'now()', 'Nullam varius.', 'INACTIVE', 7, null, '5');
insert into POST_COMMENT (id, date_created, date_last_modified, content, status, account_id, post_comment_id, post_header_id) values (14, 'now()', 'now()', 'In est risus, auctor sed, tristique in, tempus sit amet, sem.', 'ACTIVE', 19, null, '1');
insert into POST_COMMENT (id, date_created, date_last_modified, content, status, account_id, post_comment_id, post_header_id) values (15, 'now()', 'now()', 'Proin risus.', 'ACTIVE', 14, null, '4');
insert into POST_COMMENT (id, date_created, date_last_modified, content, status, account_id, post_comment_id, post_header_id) values (16, 'now()', 'now()', 'Cras pellentesque volutpat dui.', 'ACTIVE', 27, null, '9');
insert into POST_COMMENT (id, date_created, date_last_modified, content, status, account_id, post_comment_id, post_header_id) values (17, 'now()', 'now()', 'Integer non velit.', 'ACTIVE', 27, 16, '9');
insert into POST_COMMENT (id, date_created, date_last_modified, content, status, account_id, post_comment_id, post_header_id) values (18, 'now()', 'now()', 'Nam congue, risus semper porta volutpat, quam pede lobortis ligula, sit amet eleifend pede libero quis orci.', 'ACTIVE', 11, null, '9');
insert into POST_COMMENT (id, date_created, date_last_modified, content, status, account_id, post_comment_id, post_header_id) values (19, 'now()', 'now()', 'Nullam orci pede, venenatis non, sodales sed, tincidunt eu, felis. Fusce posuere felis sed lacus.', 'ACTIVE', 21, null, '7');
insert into POST_COMMENT (id, date_created, date_last_modified, content, status, account_id, post_comment_id, post_header_id) values (20, 'now()', 'now()', 'Mauris sit amet eros.', 'ACTIVE', 19, null, '3');
insert into POST_COMMENT (id, date_created, date_last_modified, content, status, account_id, post_comment_id, post_header_id) values (21, 'now()', 'now()', 'Nam dui. Proin leo odio, porttitor id, consequat in, consequat ut, nulla.', 'ACTIVE', 18, null, '10');
insert into POST_COMMENT (id, date_created, date_last_modified, content, status, account_id, post_comment_id, post_header_id) values (22, 'now()', 'now()', 'Mauris lacinia sapien quis libero. Nullam sit amet turpis elementum ligula vehicula consequat.', 'DELETED', 16, null, '8');
insert into POST_COMMENT (id, date_created, date_last_modified, content, status, account_id, post_comment_id, post_header_id) values (23, 'now()', 'now()', 'Nullam sit amet turpis elementum ligula vehicula consequat.', 'ACTIVE', 13, null, '7');
insert into POST_COMMENT (id, date_created, date_last_modified, content, status, account_id, post_comment_id, post_header_id) values (24, 'now()', 'now()', 'Nam congue, risus semper porta volutpat, quam pede lobortis ligula, sit amet eleifend pede libero quis orci.', 'ACTIVE', 21, 6, '2');
insert into POST_COMMENT (id, date_created, date_last_modified, content, status, account_id, post_comment_id, post_header_id) values (25, 'now()', 'now()', 'In est risus, auctor sed, tristique in, tempus sit amet, sem. Fusce consequat.', 'ACTIVE', 6, null, '10');
insert into POST_COMMENT (id, date_created, date_last_modified, content, status, account_id, post_comment_id, post_header_id) values (26, 'now()', 'now()', 'Cum sociis natoque penatibus et magnis dis parturient montes, nascetur ridiculus mus.', 'ACTIVE', 1, null, '8');
insert into POST_COMMENT (id, date_created, date_last_modified, content, status, account_id, post_comment_id, post_header_id) values (27, 'now()', 'now()', 'Etiam pretium iaculis justo. In hac habitasse platea dictumst.', 'INACTIVE', 29, null, '10');
insert into POST_COMMENT (id, date_created, date_last_modified, content, status, account_id, post_comment_id, post_header_id) values (28, 'now()', 'now()', 'Suspendisse ornare consequat lectus. In est risus, auctor sed, tristique in, tempus sit amet, sem.', 'ACTIVE', 29, null, '6');
insert into POST_COMMENT (id, date_created, date_last_modified, content, status, account_id, post_comment_id, post_header_id) values (29, 'now()', 'now()', 'Etiam vel augue.', 'ACTIVE', 17, null, '4');
insert into POST_COMMENT (id, date_created, date_last_modified, content, status, account_id, post_comment_id, post_header_id) values (30, 'now()', 'now()', 'Aliquam erat volutpat.', 'ACTIVE', 18, null, '4');
insert into POST_COMMENT (id, date_created, date_last_modified, content, status, account_id, post_comment_id, post_header_id) values (31, 'now()', 'now()', 'Etiam faucibus cursus urna. Ut tellus.', 'ACTIVE', 7, null, '7');
insert into POST_COMMENT (id, date_created, date_last_modified, content, status, account_id, post_comment_id, post_header_id) values (32, 'now()', 'now()', 'Phasellus in felis. Donec semper sapien a libero.', 'ACTIVE', 15, 28, '6');
insert into POST_COMMENT (id, date_created, date_last_modified, content, status, account_id, post_comment_id, post_header_id) values (33, 'now()', 'now()', 'Morbi non quam nec dui luctus rutrum. Nulla tellus.', 'ACTIVE', 14, null, '6');
insert into POST_COMMENT (id, date_created, date_last_modified, content, status, account_id, post_comment_id, post_header_id) values (34, 'now()', 'now()', 'Donec ut mauris eget massa tempor convallis.', 'ACTIVE', 5, null, '8');
insert into POST_COMMENT (id, date_created, date_last_modified, content, status, account_id, post_comment_id, post_header_id) values (35, 'now()', 'now()', 'Duis consequat dui nec nisi volutpat eleifend. Donec ut dolor.', 'DELETED', 1, null, '1');
insert into POST_COMMENT (id, date_created, date_last_modified, content, status, account_id, post_comment_id, post_header_id) values (36, 'now()', 'now()', 'Sed ante. Vivamus tortor.', 'ACTIVE', 21, null, '5');
insert into POST_COMMENT (id, date_created, date_last_modified, content, status, account_id, post_comment_id, post_header_id) values (37, 'now()', 'now()', 'In sagittis dui vel nisl. Duis ac nibh.', 'ACTIVE', 9, null, '10');
insert into POST_COMMENT (id, date_created, date_last_modified, content, status, account_id, post_comment_id, post_header_id) values (38, 'now()', 'now()', 'Vivamus tortor.', 'ACTIVE', 23, null, '9');
insert into POST_COMMENT (id, date_created, date_last_modified, content, status, account_id, post_comment_id, post_header_id) values (39, 'now()', 'now()', 'Cras pellentesque volutpat dui. Maecenas tristique, est et tempus semper, est quam pharetra magna, ac consequat metus sapien ut nunc.', 'ACTIVE', 13, null, '8');
insert into POST_COMMENT (id, date_created, date_last_modified, content, status, account_id, post_comment_id, post_header_id) values (40, 'now()', 'now()', 'Nunc rhoncus dui vel sem. Sed sagittis.', 'ACTIVE', 5, null, '8');
insert into POST_COMMENT (id, date_created, date_last_modified, content, status, account_id, post_comment_id, post_header_id) values (41, 'now()', 'now()', 'Vestibulum quam sapien, varius ut, blandit non, interdum in, ante.', 'ACTIVE', 23, null, '4');
insert into POST_COMMENT (id, date_created, date_last_modified, content, status, account_id, post_comment_id, post_header_id) values (42, 'now()', 'now()', 'Suspendisse potenti. In eleifend quam a odio.', 'ACTIVE', 13, null, '6');
insert into POST_COMMENT (id, date_created, date_last_modified, content, status, account_id, post_comment_id, post_header_id) values (43, 'now()', 'now()', 'Phasellus sit amet erat. Nulla tempus.', 'ACTIVE', 25, null, '4');
insert into POST_COMMENT (id, date_created, date_last_modified, content, status, account_id, post_comment_id, post_header_id) values (44, 'now()', 'now()', 'Morbi odio odio, elementum eu, interdum eu, tincidunt in, leo. Maecenas pulvinar lobortis est.', 'ACTIVE', 17, 39, '8');
insert into POST_COMMENT (id, date_created, date_last_modified, content, status, account_id, post_comment_id, post_header_id) values (45, 'now()', 'now()', 'Nullam molestie nibh in lectus.', 'ACTIVE', 7, null, '10');
insert into POST_COMMENT (id, date_created, date_last_modified, content, status, account_id, post_comment_id, post_header_id) values (46, 'now()', 'now()', 'Quisque porta volutpat erat.', 'ACTIVE', 23, null, '10');
insert into POST_COMMENT (id, date_created, date_last_modified, content, status, account_id, post_comment_id, post_header_id) values (47, 'now()', 'now()', 'Praesent id massa id nisl venenatis lacinia.', 'DELETED', 20, null, '2');
insert into POST_COMMENT (id, date_created, date_last_modified, content, status, account_id, post_comment_id, post_header_id) values (48, 'now()', 'now()', 'Vestibulum ante ipsum primis in faucibus orci luctus et ultrices posuere cubilia Curae; Nulla dapibus dolor vel est.', 'ACTIVE', 13, null, '1');
insert into POST_COMMENT (id, date_created, date_last_modified, content, status, account_id, post_comment_id, post_header_id) values (49, 'now()', 'now()', 'In hac habitasse platea dictumst.', 'ACTIVE', 8, null, '8');
insert into POST_COMMENT (id, date_created, date_last_modified, content, status, account_id, post_comment_id, post_header_id) values (50, 'now()', 'now()', 'Nunc purus. Phasellus in felis.', 'INACTIVE', 18, 29, '4');
insert into POST_COMMENT (id, date_created, date_last_modified, content, status, account_id, post_comment_id, post_header_id) values (51, 'now()', 'now()', 'Sed accumsan felis.', 'ACTIVE', 16, null, '4');
insert into POST_COMMENT (id, date_created, date_last_modified, content, status, account_id, post_comment_id, post_header_id) values (52, 'now()', 'now()', 'Donec diam neque, vestibulum eget, vulputate ut, ultrices vel, augue.', 'ACTIVE', 17, null, '9');
insert into POST_COMMENT (id, date_created, date_last_modified, content, status, account_id, post_comment_id, post_header_id) values (53, 'now()', 'now()', 'Maecenas leo odio, condimentum id, luctus nec, molestie sed, justo. Pellentesque viverra pede ac diam.', 'ACTIVE', 6, null, '10');
insert into POST_COMMENT (id, date_created, date_last_modified, content, status, account_id, post_comment_id, post_header_id) values (54, 'now()', 'now()', 'In hac habitasse platea dictumst. Aliquam augue quam, sollicitudin vitae, consectetuer eget, rutrum at, lorem.', 'DELETED', 20, null, '9');
insert into POST_COMMENT (id, date_created, date_last_modified, content, status, account_id, post_comment_id, post_header_id) values (55, 'now()', 'now()', 'Duis at velit eu est congue elementum.', 'ACTIVE', 26, null, '5');
insert into POST_COMMENT (id, date_created, date_last_modified, content, status, account_id, post_comment_id, post_header_id) values (56, 'now()', 'now()', 'Donec quis orci eget orci vehicula condimentum.', 'ACTIVE', 27, null, '6');
insert into POST_COMMENT (id, date_created, date_last_modified, content, status, account_id, post_comment_id, post_header_id) values (57, 'now()', 'now()', 'In hac habitasse platea dictumst. Maecenas ut massa quis augue luctus tincidunt.', 'DELETED', 2, null, '8');
insert into POST_COMMENT (id, date_created, date_last_modified, content, status, account_id, post_comment_id, post_header_id) values (58, 'now()', 'now()', 'Nam congue, risus semper porta volutpat, quam pede lobortis ligula, sit amet eleifend pede libero quis orci.', 'ACTIVE', 4, null, '2');
insert into POST_COMMENT (id, date_created, date_last_modified, content, status, account_id, post_comment_id, post_header_id) values (59, 'now()', 'now()', 'Cras non velit nec nisi vulputate nonummy.', 'ACTIVE', 2, null, '8');
insert into POST_COMMENT (id, date_created, date_last_modified, content, status, account_id, post_comment_id, post_header_id) values (60, 'now()', 'now()', 'Maecenas leo odio, condimentum id, luctus nec, molestie sed, justo.', 'ACTIVE', 14, null, '4');
insert into POST_COMMENT (id, date_created, date_last_modified, content, status, account_id, post_comment_id, post_header_id) values (61, 'now()', 'now()', 'In tempor, turpis nec euismod scelerisque, quam turpis adipiscing lorem, vitae mattis nibh ligula nec sem. Duis aliquam convallis nunc.', 'DELETED', 27, null, '10');
insert into POST_COMMENT (id, date_created, date_last_modified, content, status, account_id, post_comment_id, post_header_id) values (62, 'now()', 'now()', 'Etiam faucibus cursus urna. Ut tellus.', 'ACTIVE', 11, null, '10');
insert into POST_COMMENT (id, date_created, date_last_modified, content, status, account_id, post_comment_id, post_header_id) values (63, 'now()', 'now()', 'Morbi porttitor lorem id ligula.', 'ACTIVE', 9, null, '8');
insert into POST_COMMENT (id, date_created, date_last_modified, content, status, account_id, post_comment_id, post_header_id) values (64, 'now()', 'now()', 'Cras non velit nec nisi vulputate nonummy. Maecenas tincidunt lacus at velit.', 'ACTIVE', 10, null, '4');
insert into POST_COMMENT (id, date_created, date_last_modified, content, status, account_id, post_comment_id, post_header_id) values (65, 'now()', 'now()', 'Mauris enim leo, rhoncus sed, vestibulum sit amet, cursus id, turpis. Integer aliquet, massa id lobortis convallis, tortor risus dapibus augue, vel accumsan tellus nisi eu orci.', 'ACTIVE', 22, null, '5');
insert into POST_COMMENT (id, date_created, date_last_modified, content, status, account_id, post_comment_id, post_header_id) values (66, 'now()', 'now()', 'Suspendisse ornare consequat lectus. In est risus, auctor sed, tristique in, tempus sit amet, sem.', 'ACTIVE', 25, null, '2');
insert into POST_COMMENT (id, date_created, date_last_modified, content, status, account_id, post_comment_id, post_header_id) values (67, 'now()', 'now()', 'Duis ac nibh. Fusce lacus purus, aliquet at, feugiat non, pretium quis, lectus.', 'ACTIVE', 5, null, '10');
insert into POST_COMMENT (id, date_created, date_last_modified, content, status, account_id, post_comment_id, post_header_id) values (68, 'now()', 'now()', 'Vivamus tortor.', 'ACTIVE', 27, null, '10');
insert into POST_COMMENT (id, date_created, date_last_modified, content, status, account_id, post_comment_id, post_header_id) values (69, 'now()', 'now()', 'Integer ac neque.', 'ACTIVE', 20, null, '10');
insert into POST_COMMENT (id, date_created, date_last_modified, content, status, account_id, post_comment_id, post_header_id) values (70, 'now()', 'now()', 'Nullam molestie nibh in lectus. Pellentesque at nulla.', 'ACTIVE', 24, null, '4');
insert into POST_COMMENT (id, date_created, date_last_modified, content, status, account_id, post_comment_id, post_header_id) values (71, 'now()', 'now()', 'Vestibulum ante ipsum primis in faucibus orci luctus et ultrices posuere cubilia Curae; Mauris viverra diam vitae quam. Suspendisse potenti.', 'DELETED', 15, null, '10');
insert into POST_COMMENT (id, date_created, date_last_modified, content, status, account_id, post_comment_id, post_header_id) values (72, 'now()', 'now()', 'In quis justo. Maecenas rhoncus aliquam lacus.', 'ACTIVE', 10, null, '7');
insert into POST_COMMENT (id, date_created, date_last_modified, content, status, account_id, post_comment_id, post_header_id) values (73, 'now()', 'now()', 'Cum sociis natoque penatibus et magnis dis parturient montes, nascetur ridiculus mus. Vivamus vestibulum sagittis sapien.', 'DELETED', 10, null, '4');
insert into POST_COMMENT (id, date_created, date_last_modified, content, status, account_id, post_comment_id, post_header_id) values (74, 'now()', 'now()', 'Aliquam sit amet diam in magna bibendum imperdiet.', 'INACTIVE', 26, null, '9');
insert into POST_COMMENT (id, date_created, date_last_modified, content, status, account_id, post_comment_id, post_header_id) values (75, 'now()', 'now()', 'Aenean lectus.', 'ACTIVE', 8, null, '8');
insert into POST_COMMENT (id, date_created, date_last_modified, content, status, account_id, post_comment_id, post_header_id) values (76, 'now()', 'now()', 'Praesent id massa id nisl venenatis lacinia. Aenean sit amet justo.', 'ACTIVE', 20, null, '9');
insert into POST_COMMENT (id, date_created, date_last_modified, content, status, account_id, post_comment_id, post_header_id) values (77, 'now()', 'now()', 'Nulla neque libero, convallis eget, eleifend luctus, ultricies eu, nibh.', 'ACTIVE', 27, null, '6');
insert into POST_COMMENT (id, date_created, date_last_modified, content, status, account_id, post_comment_id, post_header_id) values (78, 'now()', 'now()', 'Quisque arcu libero, rutrum ac, lobortis vel, dapibus at, diam.', 'ACTIVE', 11, null, '1');
insert into POST_COMMENT (id, date_created, date_last_modified, content, status, account_id, post_comment_id, post_header_id) values (79, 'now()', 'now()', 'Aenean lectus.', 'ACTIVE', 23, null, '7');
insert into POST_COMMENT (id, date_created, date_last_modified, content, status, account_id, post_comment_id, post_header_id) values (80, 'now()', 'now()', 'Nulla justo.', 'ACTIVE', 13, null, '6');
insert into POST_COMMENT (id, date_created, date_last_modified, content, status, account_id, post_comment_id, post_header_id) values (81, 'now()', 'now()', 'Nulla tempus.', 'ACTIVE', 20, null, '4');
insert into POST_COMMENT (id, date_created, date_last_modified, content, status, account_id, post_comment_id, post_header_id) values (82, 'now()', 'now()', 'Lorem ipsum dolor sit amet, consectetuer adipiscing elit.', 'ACTIVE', 30, null, '7');
insert into POST_COMMENT (id, date_created, date_last_modified, content, status, account_id, post_comment_id, post_header_id) values (83, 'now()', 'now()', 'Suspendisse ornare consequat lectus. In est risus, auctor sed, tristique in, tempus sit amet, sem.', 'ACTIVE', 23, null, '10');
insert into POST_COMMENT (id, date_created, date_last_modified, content, status, account_id, post_comment_id, post_header_id) values (84, 'now()', 'now()', 'Etiam vel augue.', 'ACTIVE', 29, null, '2');
insert into POST_COMMENT (id, date_created, date_last_modified, content, status, account_id, post_comment_id, post_header_id) values (85, 'now()', 'now()', 'Integer aliquet, massa id lobortis convallis, tortor risus dapibus augue, vel accumsan tellus nisi eu orci. Mauris lacinia sapien quis libero.', 'ACTIVE', 12, null, '3');
insert into POST_COMMENT (id, date_created, date_last_modified, content, status, account_id, post_comment_id, post_header_id) values (86, 'now()', 'now()', 'Nunc purus.', 'ACTIVE', 12, 67, '10');
insert into POST_COMMENT (id, date_created, date_last_modified, content, status, account_id, post_comment_id, post_header_id) values (87, 'now()', 'now()', 'Cras pellentesque volutpat dui. Maecenas tristique, est et tempus semper, est quam pharetra magna, ac consequat metus sapien ut nunc.', 'ACTIVE', 18, null, '2');
insert into POST_COMMENT (id, date_created, date_last_modified, content, status, account_id, post_comment_id, post_header_id) values (88, 'now()', 'now()', 'Proin leo odio, porttitor id, consequat in, consequat ut, nulla.', 'ACTIVE', 12, null, '10');
insert into POST_COMMENT (id, date_created, date_last_modified, content, status, account_id, post_comment_id, post_header_id) values (89, 'now()', 'now()', 'Praesent id massa id nisl venenatis lacinia. Aenean sit amet justo.', 'ACTIVE', 20, null, '6');
insert into POST_COMMENT (id, date_created, date_last_modified, content, status, account_id, post_comment_id, post_header_id) values (90, 'now()', 'now()', 'Duis bibendum, felis sed interdum venenatis, turpis enim blandit mi, in porttitor pede justo eu massa.', 'ACTIVE', 14, null, '5');
insert into POST_COMMENT (id, date_created, date_last_modified, content, status, account_id, post_comment_id, post_header_id) values (91, 'now()', 'now()', 'In hac habitasse platea dictumst.', 'ACTIVE', 27, 46, '10');
insert into POST_COMMENT (id, date_created, date_last_modified, content, status, account_id, post_comment_id, post_header_id) values (92, 'now()', 'now()', 'Quisque arcu libero, rutrum ac, lobortis vel, dapibus at, diam. Nam tristique tortor eu pede.', 'ACTIVE', 7, null, '4');
insert into POST_COMMENT (id, date_created, date_last_modified, content, status, account_id, post_comment_id, post_header_id) values (93, 'now()', 'now()', 'Vivamus vel nulla eget eros elementum pellentesque. Quisque porta volutpat erat.', 'ACTIVE', 23, null, '2');
insert into POST_COMMENT (id, date_created, date_last_modified, content, status, account_id, post_comment_id, post_header_id) values (94, 'now()', 'now()', 'Nullam orci pede, venenatis non, sodales sed, tincidunt eu, felis. Fusce posuere felis sed lacus.', 'ACTIVE', 3, null, '5');
insert into POST_COMMENT (id, date_created, date_last_modified, content, status, account_id, post_comment_id, post_header_id) values (95, 'now()', 'now()', 'Donec vitae nisi. Nam ultrices, libero non mattis pulvinar, nulla pede ullamcorper augue, a suscipit nulla elit ac nulla.', 'ACTIVE', 13, null, '4');
insert into POST_COMMENT (id, date_created, date_last_modified, content, status, account_id, post_comment_id, post_header_id) values (96, 'now()', 'now()', 'Cras pellentesque volutpat dui.', 'INACTIVE', 1, null, '2');
insert into POST_COMMENT (id, date_created, date_last_modified, content, status, account_id, post_comment_id, post_header_id) values (97, 'now()', 'now()', 'Nam nulla. Integer pede justo, lacinia eget, tincidunt eget, tempus vel, pede.', 'ACTIVE', 11, null, '10');
insert into POST_COMMENT (id, date_created, date_last_modified, content, status, account_id, post_comment_id, post_header_id) values (98, 'now()', 'now()', 'Duis mattis egestas metus. Aenean fermentum.', 'INACTIVE', 13, null, '2');
insert into POST_COMMENT (id, date_created, date_last_modified, content, status, account_id, post_comment_id, post_header_id) values (99, 'now()', 'now()', 'Duis mattis egestas metus. Aenean fermentum.', 'ACTIVE', 21, null, '7');
insert into POST_COMMENT (id, date_created, date_last_modified, content, status, account_id, post_comment_id, post_header_id) values (100, 'now()', 'now()', 'Duis ac nibh.', 'ACTIVE', 14, null, '8');
